num__unit_cost,num__quantity,num__rating,cat__branch_B,cat__branch_C,cat__city_Naypyitaw,cat__city_Yangon,cat__customer_type_Normal,cat__gender_customer_Male,cat__product_line_Fashion accessories,cat__product_line_Food and beverages,cat__product_line_Health and beauty,cat__product_line_Home and lifestyle,cat__product_line_Sports and travel,cat__payment_method_Credit card,cat__payment_method_Ewallet
0.7181601426065471,0.5099302037590051,1.238443414813962,0.0,0.0,0.0,1.0,0.0,0.0,0.0,0.0,1.0,0.0,0.0,0.0,1.0
-1.5253031933114591,-0.1745398684007332,1.5295268103890953,0.0,1.0,1.0,0.0,1.0,0.0,0.0,0.0,0.0,0.0,0.0,0.0,0.0
-0.3527811165524271,0.5099302037590051,0.24875986985850929,0.0,0.0,0.0,1.0,1.0,1.0,0.0,0.0,0.0,1.0,0.0,1.0,0.0
0.0962136497169736,0.8521652398388743,0.8309266610087758,0.0,0.0,0.0,1.0,0.0,1.0,0.0,0.0,1.0,0.0,0.0,0.0,1.0
1.1569590647302173,0.5099302037590051,-0.9737903915570507,0.0,0.0,0.0,1.0,1.0,1.0,0.0,0.0,0.0,0.0,1.0,0.0,1.0
1.1222176698632829,0.5099302037590051,-1.6723905409373707,0.0,1.0,1.0,0.0,1.0,1.0,0.0,0.0,0.0,0.0,0.0,0.0,1.0
0.4972501861157152,0.16769516767913598,-0.6827069959819174,0.0,0.0,0.0,1.0,0.0,0.0,0.0,0.0,0.0,0.0,0.0,0.0,1.0
0.675488646737378,1.5366353119986127,0.598059944548669,0.0,1.0,1.0,0.0,1.0,0.0,0.0,0.0,0.0,1.0,0.0,0.0,1.0
-0.7330483408024578,-1.2012449766403408,0.13232651162845588,0.0,0.0,0.0,1.0,0.0,0.0,0.0,0.0,1.0,0.0,0.0,1.0,0.0
-0.03142321403328479,-0.8590099405604715,-0.6244903168668905,1.0,0.0,0.0,0.0,0.0,0.0,0.0,1.0,0.0,0.0,0.0,1.0,0.0
-1.5555131018914021,-0.5167749044806024,-1.439523824477264,1.0,0.0,0.0,0.0,0.0,0.0,1.0,0.0,0.0,0.0,0.0,0.0,1.0
-1.1389939873454398,-0.5167749044806024,-0.10054020483165095,1.0,0.0,0.0,0.0,0.0,1.0,0.0,0.0,0.0,0.0,0.0,0.0,0.0
-0.3293684374029712,-0.1745398684007332,0.07410983251342891,0.0,0.0,0.0,1.0,1.0,0.0,0.0,0.0,0.0,0.0,0.0,0.0,1.0
-0.4713550077287028,1.5366353119986127,0.7144933027787219,0.0,0.0,0.0,1.0,1.0,1.0,0.0,1.0,0.0,0.0,0.0,0.0,1.0
0.5931666458570335,1.5366353119986127,-0.7409236750969439,0.0,0.0,0.0,1.0,1.0,0.0,0.0,0.0,1.0,0.0,0.0,0.0,0.0
1.4367783429519378,0.16769516767913598,-1.439523824477264,1.0,0.0,0.0,0.0,0.0,0.0,0.0,0.0,0.0,0.0,1.0,0.0,0.0
0.5006488008309589,0.5099302037590051,-1.3813071453622374,0.0,0.0,0.0,1.0,0.0,0.0,0.0,0.0,1.0,0.0,0.0,1.0,0.0
0.6396143802986958,0.16769516767913598,-0.04232352571662398,0.0,0.0,0.0,1.0,1.0,1.0,0.0,0.0,0.0,0.0,1.0,1.0,0.0
-0.03784281960652271,-0.8590099405604715,0.9473600192388287,0.0,0.0,0.0,1.0,1.0,1.0,0.0,1.0,0.0,0.0,0.0,1.0,0.0
-0.5804883024737464,-1.2012449766403408,-1.4977405035922904,1.0,0.0,0.0,0.0,1.0,0.0,0.0,0.0,0.0,1.0,0.0,0.0,1.0
1.1467632205844867,-0.1745398684007332,-1.264873787132184,0.0,1.0,1.0,0.0,0.0,1.0,0.0,0.0,0.0,0.0,0.0,0.0,1.0
1.220022248890848,-0.8590099405604715,-1.0902237497871041,1.0,0.0,0.0,0.0,1.0,1.0,0.0,0.0,1.0,0.0,0.0,0.0,1.0
-0.8486012411207391,-1.2012449766403408,-1.4977405035922904,1.0,0.0,0.0,0.0,1.0,1.0,0.0,0.0,0.0,1.0,0.0,1.0,0.0
-0.7972443965348363,-0.1745398684007332,1.7041768477341757,0.0,0.0,0.0,1.0,1.0,1.0,0.0,0.0,0.0,0.0,0.0,0.0,1.0
1.2445677996120512,-0.8590099405604715,-0.566273637751864,0.0,0.0,0.0,1.0,0.0,1.0,0.0,0.0,0.0,0.0,1.0,0.0,1.0
-0.11638858191437407,0.8521652398388743,0.8891433401238023,0.0,0.0,0.0,1.0,0.0,0.0,0.0,0.0,0.0,1.0,0.0,1.0,0.0
-0.8365172776887619,-1.54348001272021,-0.1587568839466774,1.0,0.0,0.0,0.0,1.0,1.0,1.0,0.0,0.0,0.0,0.0,0.0,0.0
1.20831590931612,-1.2012449766403408,0.4234099072035891,0.0,0.0,0.0,1.0,1.0,0.0,1.0,0.0,0.0,0.0,0.0,1.0,0.0
1.2343719554663206,-0.1745398684007332,1.5295268103890953,1.0,0.0,0.0,0.0,1.0,0.0,0.0,1.0,0.0,0.0,0.0,0.0,0.0
-1.1624066664948955,1.1944002759187435,0.24875986985850929,0.0,0.0,0.0,1.0,1.0,1.0,0.0,0.0,1.0,0.0,0.0,0.0,0.0
1.4522609210991584,-0.1745398684007332,-1.264873787132184,1.0,0.0,0.0,0.0,1.0,1.0,1.0,0.0,0.0,0.0,0.0,1.0,0.0
0.8457970063568054,1.1944002759187435,-1.439523824477264,1.0,0.0,0.0,0.0,0.0,1.0,0.0,0.0,0.0,0.0,1.0,0.0,0.0
1.0614202288461478,0.8521652398388743,-1.0902237497871041,1.0,0.0,0.0,0.0,1.0,1.0,0.0,0.0,0.0,0.0,1.0,0.0,0.0
1.5447787661252335,-1.2012449766403408,-1.0902237497871041,0.0,0.0,0.0,1.0,1.0,1.0,0.0,0.0,1.0,0.0,0.0,1.0,0.0
1.6520239415840308,-0.5167749044806024,0.3069765489735357,0.0,1.0,1.0,0.0,0.0,0.0,0.0,1.0,0.0,0.0,0.0,0.0,1.0
0.47006126839376666,-1.54348001272021,-0.10054020483165095,0.0,1.0,1.0,0.0,0.0,0.0,0.0,0.0,0.0,0.0,1.0,0.0,1.0
0.26236814690665927,-0.1745398684007332,0.015893153398402464,0.0,0.0,0.0,1.0,0.0,1.0,0.0,0.0,0.0,0.0,1.0,0.0,1.0
0.19666159574528375,1.1944002759187435,-1.3230904662472105,0.0,0.0,0.0,1.0,1.0,0.0,0.0,0.0,0.0,0.0,0.0,0.0,1.0
-0.028402223175290564,0.8521652398388743,0.3651932280885622,0.0,1.0,1.0,0.0,1.0,0.0,0.0,0.0,1.0,0.0,0.0,0.0,1.0
-0.9649093891535191,0.8521652398388743,0.4234099072035891,1.0,0.0,0.0,0.0,0.0,1.0,0.0,0.0,0.0,1.0,0.0,0.0,0.0
1.1724416428774378,-1.54348001272021,0.5398432654336426,1.0,0.0,0.0,0.0,0.0,0.0,0.0,0.0,0.0,1.0,0.0,0.0,1.0
0.016535015837374347,-1.2012449766403408,-0.39162360040678423,0.0,1.0,1.0,0.0,0.0,1.0,0.0,0.0,0.0,1.0,0.0,0.0,0.0
0.5078236541186952,0.16769516767913598,-0.7991403542119708,1.0,0.0,0.0,0.0,0.0,0.0,0.0,0.0,0.0,0.0,1.0,0.0,0.0
1.6248350238620823,0.8521652398388743,0.3651932280885622,0.0,1.0,1.0,0.0,0.0,0.0,0.0,1.0,0.0,0.0,0.0,0.0,0.0
-1.5219045785962155,-1.2012449766403408,0.13232651162845588,0.0,1.0,1.0,0.0,0.0,1.0,0.0,0.0,1.0,0.0,0.0,0.0,0.0
1.4458413155259204,-0.5167749044806024,1.4713101312740688,1.0,0.0,0.0,0.0,0.0,0.0,0.0,0.0,0.0,0.0,0.0,0.0,0.0
0.038437199557832855,1.1944002759187435,0.8309266610087758,1.0,0.0,0.0,0.0,0.0,1.0,0.0,0.0,1.0,0.0,0.0,1.0,0.0
-1.3466871088325472,1.1944002759187435,-1.6723905409373707,1.0,0.0,0.0,0.0,0.0,0.0,0.0,1.0,0.0,0.0,0.0,0.0,1.0
-1.3874704854154698,0.16769516767913598,0.6562766236636954,1.0,0.0,0.0,0.0,0.0,1.0,0.0,0.0,0.0,0.0,0.0,1.0,0.0
1.01799348526248,1.5366353119986127,0.5398432654336426,0.0,1.0,1.0,0.0,0.0,0.0,1.0,0.0,0.0,0.0,0.0,0.0,1.0
1.3491696080701039,0.5099302037590051,1.4713101312740688,0.0,1.0,1.0,0.0,0.0,1.0,0.0,1.0,0.0,0.0,0.0,0.0,0.0
-0.41848766771380264,-0.1745398684007332,0.8891433401238023,0.0,0.0,0.0,1.0,0.0,0.0,0.0,1.0,0.0,0.0,0.0,0.0,0.0
-1.4274986142838941,-0.5167749044806024,-0.2751902421767308,1.0,0.0,0.0,0.0,0.0,0.0,1.0,0.0,0.0,0.0,0.0,0.0,1.0
-1.51963883545272,-1.54348001272021,-0.5080569586368376,0.0,1.0,1.0,0.0,0.0,1.0,1.0,0.0,0.0,0.0,0.0,1.0,0.0
-1.4920722938735218,-1.2012449766403408,-0.2751902421767308,1.0,0.0,0.0,0.0,1.0,1.0,0.0,0.0,0.0,1.0,0.0,0.0,1.0
1.1444974774409908,0.8521652398388743,0.7144933027787219,0.0,1.0,1.0,0.0,1.0,0.0,0.0,0.0,0.0,0.0,0.0,0.0,0.0
-0.42792826414503476,-1.2012449766403408,-0.6827069959819174,0.0,0.0,0.0,1.0,0.0,1.0,0.0,0.0,0.0,1.0,0.0,0.0,0.0
1.281197313765232,0.8521652398388743,-0.21697356306170434,0.0,0.0,0.0,1.0,1.0,1.0,0.0,0.0,1.0,0.0,0.0,0.0,1.0
0.6297961600102141,1.5366353119986127,-0.9155737124420238,0.0,0.0,0.0,1.0,0.0,0.0,0.0,0.0,0.0,1.0,0.0,0.0,0.0
-0.9464058201483042,0.16769516767913598,1.3548767730440159,0.0,1.0,1.0,0.0,1.0,1.0,0.0,0.0,0.0,0.0,0.0,0.0,0.0
-1.168071024353635,-0.8590099405604715,1.7623935268492021,0.0,1.0,1.0,0.0,0.0,0.0,0.0,0.0,0.0,0.0,1.0,1.0,0.0
0.0021853092619013932,0.16769516767913598,0.015893153398402464,0.0,1.0,1.0,0.0,1.0,1.0,0.0,0.0,0.0,1.0,0.0,0.0,1.0
-0.022737865316551333,1.1944002759187435,1.7623935268492021,1.0,0.0,0.0,0.0,0.0,0.0,0.0,0.0,0.0,0.0,1.0,0.0,1.0
-1.505289128877247,1.5366353119986127,0.9473600192388287,0.0,0.0,0.0,1.0,0.0,1.0,0.0,0.0,0.0,0.0,1.0,1.0,0.0
0.757810647617722,-0.5167749044806024,0.3651932280885622,1.0,0.0,0.0,0.0,0.0,1.0,0.0,0.0,1.0,0.0,0.0,0.0,0.0
-1.5030233857337514,1.5366353119986127,-0.6827069959819174,0.0,0.0,0.0,1.0,0.0,1.0,0.0,0.0,1.0,0.0,0.0,0.0,0.0
-0.8384053969750085,-1.2012449766403408,-0.1587568839466774,0.0,1.0,1.0,0.0,1.0,0.0,0.0,0.0,1.0,0.0,0.0,0.0,1.0
1.58367402342191,0.16769516767913598,1.7041768477341757,1.0,0.0,0.0,0.0,0.0,0.0,1.0,0.0,0.0,0.0,0.0,0.0,1.0
0.8722306763642556,1.5366353119986127,-0.33340692129175725,0.0,0.0,0.0,1.0,1.0,1.0,0.0,0.0,0.0,0.0,1.0,0.0,0.0
-1.410127916850427,-1.54348001272021,-1.5559571827073173,0.0,0.0,0.0,1.0,0.0,0.0,0.0,0.0,1.0,0.0,0.0,0.0,0.0
1.276665827478241,1.5366353119986127,1.5295268103890953,0.0,1.0,1.0,0.0,1.0,1.0,0.0,1.0,0.0,0.0,0.0,1.0,0.0
0.24348695404419496,1.5366353119986127,-0.6244903168668905,0.0,1.0,1.0,0.0,1.0,1.0,1.0,0.0,0.0,0.0,0.0,0.0,0.0
-0.2700814918148334,-0.8590099405604715,-1.7306072200523972,1.0,0.0,0.0,0.0,0.0,0.0,0.0,1.0,0.0,0.0,0.0,0.0,1.0
0.7642302531909599,0.16769516767913598,1.0055766983538552,0.0,1.0,1.0,0.0,1.0,0.0,0.0,0.0,0.0,0.0,0.0,0.0,0.0
0.7174048948920487,1.1944002759187435,1.4130934521590424,0.0,0.0,0.0,1.0,1.0,1.0,0.0,0.0,0.0,1.0,0.0,0.0,1.0
-0.5295090817450928,1.5366353119986127,-0.9155737124420238,0.0,1.0,1.0,0.0,1.0,0.0,0.0,0.0,0.0,0.0,0.0,1.0,0.0
-0.25044505123787064,1.1944002759187435,0.9473600192388287,0.0,1.0,1.0,0.0,0.0,1.0,1.0,0.0,0.0,0.0,0.0,1.0,0.0
-1.3466871088325472,1.1944002759187435,-0.7409236750969439,0.0,0.0,0.0,1.0,0.0,0.0,1.0,0.0,0.0,0.0,0.0,1.0,0.0
0.8548599789307887,1.5366353119986127,-0.21697356306170434,0.0,1.0,1.0,0.0,0.0,0.0,0.0,1.0,0.0,0.0,0.0,0.0,1.0
-1.3327150261143232,-0.1745398684007332,-0.566273637751864,0.0,1.0,1.0,0.0,1.0,0.0,0.0,0.0,1.0,0.0,0.0,0.0,0.0
1.643338592867297,0.16769516767913598,-0.8573570333269973,0.0,1.0,1.0,0.0,1.0,0.0,0.0,0.0,1.0,0.0,0.0,1.0,0.0
1.5485550046977268,-0.8590099405604715,-0.33340692129175725,1.0,0.0,0.0,0.0,1.0,0.0,0.0,1.0,0.0,0.0,0.0,0.0,1.0
-1.3753865219834926,0.8521652398388743,-0.21697356306170434,0.0,1.0,1.0,0.0,1.0,1.0,0.0,1.0,0.0,0.0,0.0,0.0,1.0
0.9322728696668922,-0.5167749044806024,0.7727099818937494,0.0,1.0,1.0,0.0,0.0,0.0,0.0,1.0,0.0,0.0,0.0,1.0,0.0
-0.2553541613821115,-0.1745398684007332,-0.21697356306170434,0.0,1.0,1.0,0.0,0.0,1.0,0.0,0.0,0.0,0.0,1.0,0.0,0.0
1.0342313111241994,0.5099302037590051,-1.7306072200523972,0.0,1.0,1.0,0.0,1.0,0.0,0.0,0.0,0.0,0.0,1.0,0.0,1.0
0.7872653084831663,-0.1745398684007332,1.7041768477341757,0.0,1.0,1.0,0.0,1.0,1.0,1.0,0.0,0.0,0.0,0.0,0.0,0.0
-0.2376058400913948,0.5099302037590051,0.19054319074348233,0.0,0.0,0.0,1.0,0.0,1.0,0.0,1.0,0.0,0.0,0.0,1.0,0.0
-0.49854392545065135,-1.54348001272021,-0.7409236750969439,0.0,0.0,0.0,1.0,1.0,1.0,0.0,0.0,0.0,0.0,1.0,0.0,0.0
0.8050136297738827,0.16769516767913598,-0.5080569586368376,1.0,0.0,0.0,0.0,1.0,0.0,0.0,0.0,1.0,0.0,0.0,0.0,0.0
-0.31313061154125194,-0.5167749044806024,0.07410983251342891,0.0,1.0,1.0,0.0,0.0,0.0,0.0,0.0,0.0,1.0,0.0,0.0,0.0
-0.40829182356807203,1.5366353119986127,0.7144933027787219,0.0,1.0,1.0,0.0,1.0,0.0,0.0,0.0,0.0,0.0,1.0,0.0,1.0
-1.272295208954438,0.5099302037590051,-1.0902237497871041,0.0,0.0,0.0,1.0,0.0,0.0,0.0,0.0,0.0,0.0,1.0,0.0,1.0
0.328074698068035,1.1944002759187435,0.9473600192388287,1.0,0.0,0.0,0.0,0.0,1.0,0.0,0.0,1.0,0.0,0.0,1.0,0.0
1.2868616716239714,-1.54348001272021,-0.21697356306170434,0.0,1.0,1.0,0.0,1.0,1.0,0.0,0.0,1.0,0.0,0.0,1.0,0.0
1.566680949845692,-1.54348001272021,0.13232651162845588,0.0,0.0,0.0,1.0,1.0,1.0,0.0,0.0,0.0,0.0,0.0,0.0,1.0
1.215868386461106,1.5366353119986127,-1.0902237497871041,1.0,0.0,0.0,0.0,1.0,1.0,0.0,0.0,1.0,0.0,0.0,0.0,1.0
-1.6321707449130072,0.16769516767913598,-1.6723905409373707,0.0,1.0,1.0,0.0,1.0,0.0,0.0,0.0,0.0,0.0,0.0,0.0,0.0
-0.11034660019838563,-0.8590099405604715,1.3548767730440159,0.0,0.0,0.0,1.0,1.0,1.0,0.0,1.0,0.0,0.0,0.0,0.0,1.0
1.0206368522632252,0.16769516767913598,0.24875986985850929,1.0,0.0,0.0,0.0,1.0,1.0,0.0,0.0,0.0,1.0,0.0,0.0,0.0
-0.262906638527097,-1.54348001272021,-1.6723905409373707,0.0,1.0,1.0,0.0,0.0,1.0,1.0,0.0,0.0,0.0,0.0,0.0,0.0
0.8639229515047714,1.1944002759187435,0.13232651162845588,0.0,1.0,1.0,0.0,1.0,1.0,1.0,0.0,0.0,0.0,0.0,0.0,0.0
-1.2311342085142656,1.1944002759187435,-1.206657108017157,0.0,1.0,1.0,0.0,1.0,0.0,0.0,0.0,0.0,0.0,0.0,0.0,0.0
0.09772414514597072,0.16769516767913598,1.7041768477341757,0.0,0.0,0.0,1.0,1.0,1.0,0.0,1.0,0.0,0.0,0.0,0.0,0.0
-0.9562240404367855,0.5099302037590051,0.598059944548669,1.0,0.0,0.0,0.0,1.0,1.0,0.0,0.0,1.0,0.0,0.0,0.0,0.0
1.2460782950410487,1.5366353119986127,0.19054319074348233,0.0,0.0,0.0,1.0,0.0,1.0,0.0,0.0,0.0,0.0,0.0,0.0,1.0
-1.0683783260398234,0.16769516767913598,0.5398432654336426,0.0,1.0,1.0,0.0,1.0,1.0,1.0,0.0,0.0,0.0,0.0,1.0,0.0
0.24386457790144445,0.16769516767913598,0.24875986985850929,0.0,0.0,0.0,1.0,1.0,1.0,0.0,0.0,0.0,0.0,1.0,0.0,0.0
-0.819146580255295,1.1944002759187435,-1.6141738618223438,0.0,1.0,1.0,0.0,1.0,0.0,0.0,1.0,0.0,0.0,0.0,0.0,0.0
0.9930703106840271,1.5366353119986127,1.2966600939289885,0.0,1.0,1.0,0.0,0.0,1.0,0.0,0.0,0.0,0.0,0.0,0.0,0.0
-1.4796107065842954,-1.2012449766403408,-1.3813071453622374,1.0,0.0,0.0,0.0,0.0,0.0,0.0,0.0,0.0,0.0,1.0,0.0,1.0
1.6063314548568668,-0.8590099405604715,0.4816265863186156,0.0,1.0,1.0,0.0,0.0,0.0,0.0,0.0,1.0,0.0,0.0,1.0,0.0
0.6482997290154294,0.5099302037590051,0.8309266610087758,1.0,0.0,0.0,0.0,1.0,0.0,1.0,0.0,0.0,0.0,0.0,0.0,0.0
0.09054929185823438,1.1944002759187435,-1.5559571827073173,0.0,0.0,0.0,1.0,0.0,1.0,0.0,0.0,0.0,1.0,0.0,0.0,1.0
0.9485106955286117,1.1944002759187435,1.4713101312740688,0.0,1.0,1.0,0.0,0.0,0.0,0.0,0.0,0.0,1.0,0.0,1.0,0.0
-1.0819727849007976,-0.8590099405604715,0.07410983251342891,0.0,1.0,1.0,0.0,1.0,0.0,1.0,0.0,0.0,0.0,0.0,1.0,0.0
-1.2738057043834348,-0.1745398684007332,-0.9737903915570507,1.0,0.0,0.0,0.0,0.0,1.0,1.0,0.0,0.0,0.0,0.0,0.0,1.0
-0.16283631635603635,-1.54348001272021,-1.0320070706720772,1.0,0.0,0.0,0.0,0.0,1.0,1.0,0.0,0.0,0.0,0.0,0.0,1.0
-1.6884366996431506,1.5366353119986127,-0.566273637751864,0.0,0.0,0.0,1.0,1.0,0.0,0.0,1.0,0.0,0.0,0.0,0.0,1.0
-0.084290554048185,-1.2012449766403408,-1.6723905409373707,1.0,0.0,0.0,0.0,1.0,1.0,0.0,0.0,0.0,1.0,0.0,0.0,1.0
1.6573106755855207,0.8521652398388743,-1.0320070706720772,0.0,0.0,0.0,1.0,1.0,0.0,0.0,0.0,0.0,0.0,0.0,1.0,0.0
0.054675025419552124,0.5099302037590051,-0.2751902421767308,0.0,1.0,1.0,0.0,0.0,1.0,0.0,0.0,0.0,0.0,1.0,1.0,0.0
1.672415629875492,1.1944002759187435,-1.6141738618223438,1.0,0.0,0.0,0.0,0.0,1.0,0.0,0.0,0.0,0.0,1.0,1.0,0.0
0.3110816244918171,0.8521652398388743,-1.3813071453622374,0.0,1.0,1.0,0.0,0.0,1.0,0.0,0.0,0.0,1.0,0.0,1.0,0.0
0.030129474698348608,0.8521652398388743,0.19054319074348233,1.0,0.0,0.0,0.0,0.0,0.0,1.0,0.0,0.0,0.0,0.0,0.0,1.0
1.4356454713801898,0.5099302037590051,-1.439523824477264,0.0,0.0,0.0,1.0,1.0,0.0,0.0,0.0,0.0,1.0,0.0,1.0,0.0
-0.8844755075594213,-0.1745398684007332,1.1802267356989355,0.0,0.0,0.0,1.0,1.0,0.0,0.0,0.0,0.0,0.0,1.0,0.0,0.0
-0.9041119481363842,1.1944002759187435,-0.6244903168668905,0.0,1.0,1.0,0.0,1.0,0.0,1.0,0.0,0.0,0.0,0.0,1.0,0.0
0.48592147039823674,0.8521652398388743,0.8891433401238023,0.0,1.0,1.0,0.0,0.0,0.0,0.0,1.0,0.0,0.0,0.0,0.0,1.0
1.3068757360581835,1.1944002759187435,0.13232651162845588,1.0,0.0,0.0,0.0,1.0,0.0,0.0,0.0,0.0,0.0,1.0,0.0,1.0
-0.6061667247666979,0.5099302037590051,0.3069765489735357,1.0,0.0,0.0,0.0,1.0,0.0,1.0,0.0,0.0,0.0,0.0,0.0,0.0
1.3767361496493014,0.16769516767913598,0.7727099818937494,0.0,0.0,0.0,1.0,0.0,0.0,0.0,0.0,0.0,0.0,1.0,0.0,0.0
-0.7866709285318562,-0.5167749044806024,0.24875986985850929,1.0,0.0,0.0,0.0,1.0,0.0,0.0,0.0,0.0,0.0,1.0,0.0,0.0
1.200008184456636,0.16769516767913598,1.0637933774688826,1.0,0.0,0.0,0.0,0.0,1.0,0.0,0.0,0.0,0.0,0.0,1.0,0.0
0.967769512248325,0.16769516767913598,-0.9737903915570507,0.0,1.0,1.0,0.0,1.0,0.0,0.0,0.0,1.0,0.0,0.0,0.0,1.0
1.3046099929146877,-0.8590099405604715,-0.44984027952181066,0.0,1.0,1.0,0.0,1.0,1.0,1.0,0.0,0.0,0.0,0.0,0.0,0.0
-1.108784078765497,-0.1745398684007332,1.0637933774688826,0.0,0.0,0.0,1.0,1.0,0.0,0.0,0.0,0.0,0.0,0.0,1.0,0.0
-0.8025311305363262,0.16769516767913598,1.6459601686191492,0.0,0.0,0.0,1.0,0.0,0.0,0.0,0.0,0.0,1.0,0.0,0.0,0.0
-0.14206700420732576,1.5366353119986127,0.7144933027787219,1.0,0.0,0.0,0.0,1.0,1.0,0.0,0.0,0.0,0.0,1.0,0.0,0.0
0.6354605178689536,0.8521652398388743,1.2966600939289885,0.0,0.0,0.0,1.0,1.0,1.0,0.0,0.0,0.0,0.0,1.0,0.0,1.0
1.2887497909102177,1.5366353119986127,-0.9155737124420238,0.0,1.0,1.0,0.0,0.0,0.0,0.0,0.0,0.0,0.0,1.0,1.0,0.0
1.3151834609176678,1.5366353119986127,0.6562766236636954,0.0,1.0,1.0,0.0,0.0,1.0,0.0,0.0,1.0,0.0,0.0,0.0,0.0
0.488187213541732,1.5366353119986127,1.238443414813962,0.0,1.0,1.0,0.0,0.0,0.0,0.0,0.0,1.0,0.0,0.0,0.0,0.0
-0.9539582972932898,-1.54348001272021,0.8309266610087758,0.0,1.0,1.0,0.0,0.0,0.0,0.0,1.0,0.0,0.0,0.0,1.0,0.0
0.8412655200698145,0.16769516767913598,0.598059944548669,0.0,0.0,0.0,1.0,1.0,0.0,0.0,0.0,0.0,1.0,0.0,0.0,1.0
-0.35542448355317213,0.16769516767913598,1.4713101312740688,0.0,1.0,1.0,0.0,1.0,0.0,0.0,0.0,1.0,0.0,0.0,1.0,0.0
-0.9641541414390206,1.5366353119986127,1.2966600939289885,0.0,0.0,0.0,1.0,0.0,0.0,1.0,0.0,0.0,0.0,0.0,0.0,1.0
0.39529174465840794,-0.5167749044806024,-0.7991403542119708,0.0,1.0,1.0,0.0,1.0,1.0,0.0,0.0,1.0,0.0,0.0,1.0,0.0
0.6112925910049993,0.8521652398388743,-0.44984027952181066,1.0,0.0,0.0,0.0,0.0,1.0,0.0,0.0,0.0,1.0,0.0,1.0,0.0
-0.8765454065571863,0.8521652398388743,-1.206657108017157,0.0,0.0,0.0,1.0,1.0,1.0,0.0,0.0,1.0,0.0,0.0,1.0,0.0
1.3544563420715938,-0.5167749044806024,-1.264873787132184,1.0,0.0,0.0,0.0,0.0,0.0,1.0,0.0,0.0,0.0,0.0,1.0,0.0
-0.7972443965348363,0.5099302037590051,0.19054319074348233,0.0,1.0,1.0,0.0,0.0,1.0,0.0,0.0,0.0,0.0,1.0,1.0,0.0
1.0410285405546862,1.1944002759187435,0.24875986985850929,0.0,0.0,0.0,1.0,1.0,1.0,1.0,0.0,0.0,0.0,0.0,1.0,0.0
-1.4799883304415449,0.16769516767913598,1.7041768477341757,0.0,1.0,1.0,0.0,1.0,0.0,0.0,1.0,0.0,0.0,0.0,0.0,1.0
0.9553079249590986,0.8521652398388743,1.3548767730440159,0.0,1.0,1.0,0.0,1.0,0.0,0.0,0.0,0.0,0.0,1.0,0.0,0.0
1.3827781313652903,-0.1745398684007332,1.1802267356989355,0.0,0.0,0.0,1.0,0.0,1.0,0.0,1.0,0.0,0.0,0.0,1.0,0.0
0.6229989305797272,-1.54348001272021,-0.5080569586368376,1.0,0.0,0.0,0.0,0.0,1.0,0.0,0.0,0.0,0.0,0.0,0.0,0.0
-0.20361969293895915,-0.1745398684007332,1.5877434895041216,1.0,0.0,0.0,0.0,1.0,1.0,0.0,0.0,0.0,1.0,0.0,0.0,1.0
1.5689466929891878,1.1944002759187435,-0.566273637751864,1.0,0.0,0.0,0.0,0.0,1.0,0.0,0.0,1.0,0.0,0.0,0.0,1.0
1.4243167556627114,0.16769516767913598,1.7623935268492021,1.0,0.0,0.0,0.0,1.0,1.0,0.0,0.0,0.0,0.0,1.0,0.0,1.0
-0.471732631585952,0.8521652398388743,0.7727099818937494,0.0,1.0,1.0,0.0,1.0,0.0,0.0,1.0,0.0,0.0,0.0,1.0,0.0
0.3027738996323328,-1.54348001272021,-0.566273637751864,0.0,0.0,0.0,1.0,1.0,1.0,0.0,0.0,0.0,0.0,1.0,0.0,0.0
-0.3731728048438885,0.5099302037590051,0.015893153398402464,0.0,0.0,0.0,1.0,1.0,1.0,0.0,1.0,0.0,0.0,0.0,1.0,0.0
0.7827338221961753,-1.2012449766403408,-0.2751902421767308,0.0,1.0,1.0,0.0,1.0,1.0,0.0,0.0,0.0,0.0,1.0,0.0,1.0
-0.5955932567637178,1.5366353119986127,-0.6244903168668905,1.0,0.0,0.0,0.0,1.0,1.0,0.0,1.0,0.0,0.0,0.0,1.0,0.0
-0.4947676868781585,0.8521652398388743,-0.7991403542119708,1.0,0.0,0.0,0.0,0.0,1.0,0.0,0.0,1.0,0.0,0.0,0.0,1.0
1.507016380400305,1.5366353119986127,-1.264873787132184,0.0,1.0,1.0,0.0,1.0,1.0,0.0,0.0,0.0,1.0,0.0,0.0,0.0
1.6354084918650622,1.5366353119986127,1.0055766983538552,0.0,0.0,0.0,1.0,1.0,1.0,1.0,0.0,0.0,0.0,0.0,1.0,0.0
-0.16585730721403058,0.16769516767913598,-0.2751902421767308,0.0,0.0,0.0,1.0,1.0,1.0,0.0,1.0,0.0,0.0,0.0,0.0,0.0
0.5229286084086663,0.5099302037590051,0.8891433401238023,0.0,0.0,0.0,1.0,0.0,1.0,0.0,0.0,0.0,0.0,1.0,1.0,0.0
0.5414321774138817,-0.1745398684007332,-0.8573570333269973,0.0,0.0,0.0,1.0,1.0,1.0,0.0,0.0,1.0,0.0,0.0,0.0,1.0
0.9205665300921642,-0.1745398684007332,1.4130934521590424,1.0,0.0,0.0,0.0,0.0,1.0,0.0,1.0,0.0,0.0,0.0,1.0,0.0
-1.314966704823607,0.8521652398388743,-0.39162360040678423,0.0,1.0,1.0,0.0,1.0,1.0,0.0,0.0,0.0,0.0,0.0,0.0,0.0
-0.1050598661968956,0.16769516767913598,1.6459601686191492,1.0,0.0,0.0,0.0,0.0,1.0,0.0,0.0,0.0,0.0,0.0,1.0,0.0
-1.3549948336920312,0.8521652398388743,1.0055766983538552,1.0,0.0,0.0,0.0,1.0,1.0,0.0,1.0,0.0,0.0,0.0,0.0,1.0
-0.8244333142567848,1.1944002759187435,1.0637933774688826,0.0,0.0,0.0,1.0,0.0,1.0,0.0,0.0,0.0,1.0,0.0,0.0,1.0
-1.2651203556667012,0.8521652398388743,1.5295268103890953,0.0,0.0,0.0,1.0,0.0,1.0,0.0,1.0,0.0,0.0,0.0,1.0,0.0
-1.2522811445202255,0.5099302037590051,-1.264873787132184,0.0,1.0,1.0,0.0,1.0,0.0,1.0,0.0,0.0,0.0,0.0,1.0,0.0
0.6875726101693549,0.16769516767913598,-1.4977405035922904,0.0,0.0,0.0,1.0,1.0,1.0,0.0,1.0,0.0,0.0,0.0,0.0,1.0
1.1754626337354321,-0.8590099405604715,1.7041768477341757,0.0,1.0,1.0,0.0,0.0,1.0,0.0,0.0,1.0,0.0,0.0,0.0,1.0
0.3242984594955424,0.5099302037590051,-0.7409236750969439,0.0,1.0,1.0,0.0,1.0,1.0,1.0,0.0,0.0,0.0,0.0,0.0,0.0
-0.6495934683503657,0.8521652398388743,0.4234099072035891,0.0,1.0,1.0,0.0,0.0,1.0,0.0,1.0,0.0,0.0,0.0,0.0,0.0
-1.5169954684519749,1.5366353119986127,0.598059944548669,0.0,0.0,0.0,1.0,0.0,1.0,0.0,0.0,0.0,0.0,1.0,0.0,1.0
-0.8066849929660683,0.8521652398388743,-0.7409236750969439,0.0,1.0,1.0,0.0,1.0,1.0,0.0,0.0,1.0,0.0,0.0,0.0,1.0
-1.6363246073427493,0.5099302037590051,-0.1587568839466774,0.0,0.0,0.0,1.0,1.0,0.0,0.0,0.0,0.0,0.0,1.0,1.0,0.0
-1.4195685132816591,-0.8590099405604715,0.598059944548669,1.0,0.0,0.0,0.0,0.0,1.0,0.0,1.0,0.0,0.0,0.0,0.0,1.0
1.4658553799601326,0.8521652398388743,0.3069765489735357,1.0,0.0,0.0,0.0,0.0,0.0,0.0,0.0,0.0,1.0,0.0,0.0,1.0
-0.34749438255093706,-0.5167749044806024,0.015893153398402464,1.0,0.0,0.0,0.0,0.0,1.0,0.0,0.0,0.0,1.0,0.0,0.0,0.0
0.6947474634570913,-1.54348001272021,1.7041768477341757,0.0,0.0,0.0,1.0,1.0,1.0,0.0,0.0,0.0,1.0,0.0,0.0,1.0
0.5338797002688959,-0.5167749044806024,-0.6244903168668905,0.0,1.0,1.0,0.0,1.0,0.0,0.0,0.0,0.0,1.0,0.0,1.0,0.0
0.8069017490601296,-0.8590099405604715,0.13232651162845588,1.0,0.0,0.0,0.0,1.0,0.0,0.0,0.0,0.0,1.0,0.0,1.0,0.0
0.6739781513083806,-1.2012449766403408,-1.3813071453622374,1.0,0.0,0.0,0.0,1.0,0.0,1.0,0.0,0.0,0.0,0.0,0.0,1.0
1.2132250194603607,1.1944002759187435,1.2966600939289885,0.0,1.0,1.0,0.0,1.0,0.0,0.0,1.0,0.0,0.0,0.0,0.0,0.0
-1.1374834919164427,-0.5167749044806024,-0.7409236750969439,1.0,0.0,0.0,0.0,1.0,1.0,0.0,0.0,0.0,1.0,0.0,0.0,1.0
-0.8671048101259541,-0.1745398684007332,1.7041768477341757,0.0,0.0,0.0,1.0,1.0,1.0,0.0,0.0,0.0,0.0,0.0,1.0,0.0
0.703055188316576,-1.54348001272021,-1.1484404289021306,0.0,1.0,1.0,0.0,0.0,0.0,1.0,0.0,0.0,0.0,0.0,0.0,0.0
-0.45209619100898907,-1.2012449766403408,-1.206657108017157,0.0,1.0,1.0,0.0,0.0,1.0,0.0,0.0,1.0,0.0,0.0,0.0,0.0
-1.1473017122049243,-1.54348001272021,-0.5080569586368376,0.0,0.0,0.0,1.0,1.0,0.0,0.0,0.0,0.0,1.0,0.0,0.0,1.0
-0.535173439603832,-0.5167749044806024,0.7144933027787219,0.0,1.0,1.0,0.0,1.0,1.0,0.0,0.0,1.0,0.0,0.0,1.0,0.0
0.593544269714283,-0.1745398684007332,-0.8573570333269973,0.0,1.0,1.0,0.0,0.0,0.0,0.0,1.0,0.0,0.0,0.0,1.0,0.0
-1.3791627605559855,0.16769516767913598,-0.10054020483165095,0.0,1.0,1.0,0.0,0.0,0.0,0.0,0.0,0.0,0.0,1.0,1.0,0.0
0.06864710813777587,-0.5167749044806024,-0.21697356306170434,1.0,0.0,0.0,0.0,0.0,0.0,0.0,0.0,0.0,0.0,0.0,0.0,0.0
0.21667566017949566,0.5099302037590051,1.6459601686191492,0.0,1.0,1.0,0.0,1.0,1.0,0.0,0.0,0.0,0.0,0.0,0.0,0.0
-1.1242666569127178,1.5366353119986127,1.0055766983538552,1.0,0.0,0.0,0.0,0.0,1.0,0.0,0.0,1.0,0.0,0.0,0.0,1.0
-1.4312748528563868,-0.1745398684007332,-0.9155737124420238,1.0,0.0,0.0,0.0,0.0,1.0,0.0,0.0,0.0,1.0,0.0,1.0,0.0
-1.2326447039432626,1.1944002759187435,0.5398432654336426,0.0,0.0,0.0,1.0,1.0,0.0,0.0,0.0,1.0,0.0,0.0,0.0,1.0
0.4145505613781217,1.1944002759187435,1.5877434895041216,0.0,1.0,1.0,0.0,0.0,0.0,0.0,0.0,0.0,0.0,0.0,1.0,0.0
-1.0249515824561555,1.5366353119986127,0.4816265863186156,0.0,1.0,1.0,0.0,0.0,0.0,0.0,0.0,0.0,1.0,0.0,0.0,1.0
-0.955468792722287,-0.8590099405604715,-1.0902237497871041,1.0,0.0,0.0,0.0,1.0,0.0,1.0,0.0,0.0,0.0,0.0,0.0,1.0
1.6637302811587587,1.1944002759187435,-0.2751902421767308,1.0,0.0,0.0,0.0,1.0,0.0,0.0,0.0,0.0,0.0,0.0,1.0,0.0
-1.1118050696234913,1.1944002759187435,-0.6244903168668905,0.0,0.0,0.0,1.0,1.0,1.0,0.0,0.0,0.0,0.0,0.0,0.0,1.0
1.419407645518471,1.1944002759187435,1.0637933774688826,0.0,1.0,1.0,0.0,1.0,0.0,0.0,1.0,0.0,0.0,0.0,0.0,0.0
1.385421498366035,-0.1745398684007332,-1.206657108017157,1.0,0.0,0.0,0.0,1.0,1.0,0.0,0.0,0.0,1.0,0.0,0.0,1.0
-0.3493825018371834,-0.8590099405604715,-1.4977405035922904,1.0,0.0,0.0,0.0,1.0,1.0,0.0,0.0,0.0,0.0,1.0,1.0,0.0
-0.9841682058732327,0.5099302037590051,-0.2751902421767308,1.0,0.0,0.0,0.0,0.0,0.0,0.0,0.0,0.0,0.0,1.0,0.0,0.0
-1.4120160361366734,-1.54348001272021,0.7727099818937494,0.0,0.0,0.0,1.0,1.0,1.0,0.0,0.0,0.0,1.0,0.0,1.0,0.0
-1.166938152781887,-0.1745398684007332,0.8891433401238023,1.0,0.0,0.0,0.0,1.0,0.0,0.0,0.0,0.0,0.0,1.0,0.0,0.0
1.4715197378188722,-0.8590099405604715,-0.8573570333269973,0.0,0.0,0.0,1.0,0.0,0.0,0.0,0.0,0.0,0.0,0.0,0.0,0.0
1.4802050865356058,0.8521652398388743,1.0055766983538552,1.0,0.0,0.0,0.0,1.0,1.0,1.0,0.0,0.0,0.0,0.0,0.0,1.0
0.06298275027903663,-0.8590099405604715,0.5398432654336426,1.0,0.0,0.0,0.0,1.0,0.0,0.0,1.0,0.0,0.0,0.0,1.0,0.0
-0.389788254562857,0.16769516767913598,-0.5080569586368376,1.0,0.0,0.0,0.0,1.0,1.0,0.0,0.0,0.0,0.0,0.0,0.0,1.0
0.24197645861519787,0.5099302037590051,-0.9155737124420238,1.0,0.0,0.0,0.0,1.0,1.0,0.0,1.0,0.0,0.0,0.0,0.0,1.0
-1.6563386717769613,-0.1745398684007332,1.4130934521590424,0.0,1.0,1.0,0.0,1.0,1.0,0.0,0.0,0.0,0.0,0.0,0.0,0.0
-1.6287721301977633,-1.54348001272021,0.7144933027787219,0.0,1.0,1.0,0.0,0.0,0.0,1.0,0.0,0.0,0.0,0.0,0.0,0.0
-0.46908926458520706,-1.2012449766403408,-0.44984027952181066,0.0,0.0,0.0,1.0,1.0,1.0,0.0,1.0,0.0,0.0,0.0,0.0,0.0
1.1890570925964064,-1.2012449766403408,1.5877434895041216,0.0,1.0,1.0,0.0,0.0,0.0,0.0,0.0,0.0,0.0,1.0,1.0,0.0
0.5172642505499274,1.1944002759187435,-1.7306072200523972,1.0,0.0,0.0,0.0,0.0,1.0,0.0,0.0,1.0,0.0,0.0,0.0,1.0
-0.7028384322225147,-0.5167749044806024,1.5877434895041216,0.0,1.0,1.0,0.0,0.0,1.0,0.0,0.0,0.0,0.0,0.0,0.0,1.0
1.3227359380626538,0.16769516767913598,-0.9737903915570507,1.0,0.0,0.0,0.0,0.0,0.0,0.0,0.0,0.0,0.0,0.0,0.0,0.0
0.29257805548660226,0.8521652398388743,0.24875986985850929,0.0,0.0,0.0,1.0,1.0,0.0,0.0,0.0,0.0,1.0,0.0,0.0,1.0
0.9704128792490702,-1.2012449766403408,-0.2751902421767308,1.0,0.0,0.0,0.0,1.0,0.0,1.0,0.0,0.0,0.0,0.0,0.0,0.0
-1.7024087823613743,-0.8590099405604715,1.0055766983538552,1.0,0.0,0.0,0.0,0.0,0.0,0.0,0.0,0.0,0.0,0.0,1.0,0.0
1.073126568420876,1.1944002759187435,0.598059944548669,1.0,0.0,0.0,0.0,1.0,0.0,0.0,0.0,1.0,0.0,0.0,0.0,0.0
0.6853068670258591,-0.5167749044806024,-0.1587568839466774,1.0,0.0,0.0,0.0,0.0,1.0,1.0,0.0,0.0,0.0,0.0,0.0,0.0
-0.14093413263557786,1.5366353119986127,-0.2751902421767308,0.0,0.0,0.0,1.0,0.0,1.0,0.0,0.0,1.0,0.0,0.0,0.0,1.0
1.4148761592314794,-1.2012449766403408,-1.6723905409373707,0.0,0.0,0.0,1.0,1.0,0.0,0.0,0.0,0.0,0.0,1.0,0.0,1.0
-1.4448693117173612,-0.1745398684007332,-1.206657108017157,0.0,1.0,1.0,0.0,1.0,1.0,0.0,0.0,1.0,0.0,0.0,1.0,0.0
-0.4324597504320264,-0.1745398684007332,0.9473600192388287,0.0,1.0,1.0,0.0,0.0,0.0,1.0,0.0,0.0,0.0,0.0,1.0,0.0
-1.603093707904812,-0.1745398684007332,-1.5559571827073173,1.0,0.0,0.0,0.0,0.0,0.0,0.0,0.0,0.0,0.0,0.0,0.0,0.0
1.2845959284804755,-1.54348001272021,-1.206657108017157,0.0,0.0,0.0,1.0,1.0,1.0,1.0,0.0,0.0,0.0,0.0,0.0,1.0
-1.160518547208649,1.1944002759187435,-0.7991403542119708,0.0,0.0,0.0,1.0,1.0,1.0,0.0,1.0,0.0,0.0,0.0,1.0,0.0
0.15474534759061304,-1.2012449766403408,-0.6827069959819174,0.0,0.0,0.0,1.0,1.0,1.0,0.0,0.0,1.0,0.0,0.0,1.0,0.0
1.4171419023749752,-1.2012449766403408,-0.566273637751864,0.0,1.0,1.0,0.0,0.0,1.0,1.0,0.0,0.0,0.0,0.0,1.0,0.0
0.2635010184784072,-0.5167749044806024,-1.6141738618223438,0.0,0.0,0.0,1.0,0.0,1.0,0.0,0.0,0.0,1.0,0.0,0.0,0.0
1.4424427008106773,0.8521652398388743,0.7727099818937494,1.0,0.0,0.0,0.0,1.0,1.0,0.0,0.0,0.0,1.0,0.0,1.0,0.0
-0.3052005105390169,0.8521652398388743,-0.7409236750969439,0.0,0.0,0.0,1.0,0.0,1.0,0.0,0.0,0.0,1.0,0.0,0.0,0.0
0.9715457508208181,-0.8590099405604715,-1.264873787132184,1.0,0.0,0.0,0.0,0.0,0.0,0.0,0.0,0.0,0.0,0.0,0.0,0.0
-1.4248552472831488,-0.1745398684007332,-0.10054020483165095,0.0,0.0,0.0,1.0,0.0,1.0,1.0,0.0,0.0,0.0,0.0,0.0,1.0
0.8325801713530807,-0.5167749044806024,1.0637933774688826,0.0,0.0,0.0,1.0,0.0,1.0,0.0,0.0,0.0,0.0,0.0,1.0,0.0
0.6566074538749137,0.5099302037590051,-1.6141738618223438,1.0,0.0,0.0,0.0,1.0,1.0,0.0,1.0,0.0,0.0,0.0,1.0,0.0
-0.3444733916929429,1.1944002759187435,-0.33340692129175725,1.0,0.0,0.0,0.0,0.0,1.0,0.0,1.0,0.0,0.0,0.0,0.0,1.0
-0.7734540935281314,1.5366353119986127,0.8309266610087758,0.0,1.0,1.0,0.0,0.0,1.0,1.0,0.0,0.0,0.0,0.0,1.0,0.0
-1.5589117166066455,-1.2012449766403408,0.13232651162845588,0.0,1.0,1.0,0.0,1.0,0.0,0.0,0.0,0.0,0.0,1.0,1.0,0.0
-1.2054557862213142,-0.5167749044806024,-1.0320070706720772,0.0,0.0,0.0,1.0,1.0,1.0,0.0,0.0,0.0,1.0,0.0,0.0,0.0
0.12189207200992502,0.8521652398388743,1.122010056583909,0.0,0.0,0.0,1.0,0.0,1.0,0.0,0.0,0.0,1.0,0.0,0.0,0.0
-0.8705034248411978,-0.5167749044806024,1.1802267356989355,1.0,0.0,0.0,0.0,0.0,1.0,1.0,0.0,0.0,0.0,0.0,0.0,0.0
0.4032218456606427,-1.54348001272021,1.5877434895041216,0.0,0.0,0.0,1.0,0.0,1.0,0.0,0.0,0.0,0.0,0.0,1.0,0.0
-1.1238890330554685,0.16769516767913598,1.0055766983538552,0.0,0.0,0.0,1.0,0.0,1.0,0.0,0.0,0.0,1.0,0.0,0.0,1.0
-0.8844755075594213,-0.5167749044806024,-0.2751902421767308,0.0,0.0,0.0,1.0,0.0,1.0,0.0,0.0,0.0,0.0,0.0,0.0,1.0
0.38773926751342214,-0.5167749044806024,-0.04232352571662398,0.0,1.0,1.0,0.0,0.0,1.0,0.0,0.0,0.0,0.0,0.0,1.0,0.0
0.7321322253247708,1.1944002759187435,-0.44984027952181066,0.0,0.0,0.0,1.0,1.0,0.0,0.0,0.0,0.0,0.0,0.0,0.0,1.0
-1.481121202013293,-0.5167749044806024,-0.7991403542119708,0.0,1.0,1.0,0.0,1.0,0.0,1.0,0.0,0.0,0.0,0.0,0.0,1.0
-0.6560130739236035,-0.5167749044806024,-0.7409236750969439,1.0,0.0,0.0,0.0,0.0,0.0,1.0,0.0,0.0,0.0,0.0,0.0,0.0
-1.2624769886659561,1.5366353119986127,-1.6141738618223438,0.0,0.0,0.0,1.0,0.0,0.0,0.0,0.0,0.0,0.0,1.0,0.0,0.0
-0.04615054446600695,-1.54348001272021,0.5398432654336426,1.0,0.0,0.0,0.0,1.0,1.0,0.0,0.0,0.0,0.0,1.0,0.0,1.0
1.6135063081446037,0.5099302037590051,1.0055766983538552,0.0,0.0,0.0,1.0,0.0,0.0,0.0,0.0,0.0,0.0,1.0,1.0,0.0
-0.7628806255251513,-0.5167749044806024,-0.04232352571662398,0.0,1.0,1.0,0.0,1.0,1.0,0.0,0.0,0.0,1.0,0.0,1.0,0.0
0.7147615278913034,1.5366353119986127,1.4713101312740688,1.0,0.0,0.0,0.0,0.0,0.0,0.0,1.0,0.0,0.0,0.0,0.0,0.0
0.5689987189930792,-0.5167749044806024,-1.4977405035922904,0.0,0.0,0.0,1.0,0.0,1.0,0.0,0.0,0.0,1.0,0.0,1.0,0.0
-0.7602372585244064,1.5366353119986127,0.015893153398402464,0.0,0.0,0.0,1.0,0.0,0.0,0.0,0.0,0.0,1.0,0.0,0.0,1.0
0.44400522224356603,-0.1745398684007332,-0.39162360040678423,1.0,0.0,0.0,0.0,1.0,0.0,0.0,0.0,0.0,0.0,1.0,0.0,1.0
-1.3047708606778763,-1.2012449766403408,1.5877434895041216,0.0,1.0,1.0,0.0,0.0,0.0,0.0,0.0,1.0,0.0,0.0,0.0,0.0
-1.2889106586734063,1.1944002759187435,1.0637933774688826,0.0,0.0,0.0,1.0,0.0,0.0,0.0,0.0,0.0,1.0,0.0,1.0,0.0
-1.648030946917477,-1.2012449766403408,-1.0902237497871041,0.0,0.0,0.0,1.0,1.0,0.0,0.0,0.0,0.0,1.0,0.0,0.0,0.0
1.6629750334442597,0.16769516767913598,0.5398432654336426,1.0,0.0,0.0,0.0,1.0,0.0,0.0,0.0,1.0,0.0,0.0,0.0,1.0
-0.29085080396354424,0.5099302037590051,-0.44984027952181066,1.0,0.0,0.0,0.0,1.0,1.0,1.0,0.0,0.0,0.0,0.0,0.0,0.0
-1.2783371906704262,1.5366353119986127,0.07410983251342891,0.0,1.0,1.0,0.0,0.0,0.0,0.0,0.0,0.0,1.0,0.0,0.0,0.0
1.5009743986843165,-0.5167749044806024,-0.33340692129175725,0.0,1.0,1.0,0.0,1.0,0.0,1.0,0.0,0.0,0.0,0.0,0.0,1.0
0.5784393154243113,1.5366353119986127,-0.7409236750969439,0.0,1.0,1.0,0.0,0.0,1.0,1.0,0.0,0.0,0.0,0.0,0.0,0.0
-0.4400122275770119,1.5366353119986127,1.5295268103890953,0.0,0.0,0.0,1.0,0.0,1.0,0.0,0.0,0.0,0.0,1.0,1.0,0.0
0.5395440581276348,0.8521652398388743,-0.33340692129175725,0.0,0.0,0.0,1.0,1.0,0.0,0.0,0.0,0.0,1.0,0.0,1.0,0.0
-0.7051041753660106,-1.54348001272021,0.5398432654336426,0.0,1.0,1.0,0.0,1.0,1.0,0.0,0.0,0.0,1.0,0.0,1.0,0.0
-1.5230374501679635,-1.54348001272021,-0.2751902421767308,0.0,0.0,0.0,1.0,1.0,0.0,0.0,0.0,0.0,0.0,1.0,0.0,0.0
1.6675065197312513,0.16769516767913598,0.8891433401238023,0.0,0.0,0.0,1.0,0.0,1.0,0.0,0.0,1.0,0.0,0.0,0.0,1.0
-0.3021795196810227,-0.5167749044806024,1.238443414813962,0.0,0.0,0.0,1.0,0.0,0.0,0.0,0.0,1.0,0.0,0.0,0.0,0.0
0.4156834329498696,-0.1745398684007332,0.3651932280885622,1.0,0.0,0.0,0.0,1.0,1.0,0.0,0.0,1.0,0.0,0.0,0.0,0.0
0.724579748179785,-1.54348001272021,-0.04232352571662398,0.0,1.0,1.0,0.0,0.0,1.0,0.0,0.0,0.0,1.0,0.0,0.0,0.0
-1.2054557862213142,1.1944002759187435,1.4713101312740688,0.0,1.0,1.0,0.0,1.0,0.0,0.0,0.0,0.0,0.0,1.0,0.0,0.0
-0.2704591156720828,0.5099302037590051,-1.0320070706720772,1.0,0.0,0.0,0.0,1.0,0.0,0.0,1.0,0.0,0.0,0.0,1.0,0.0
1.4805827103928548,0.5099302037590051,-1.6141738618223438,0.0,0.0,0.0,1.0,0.0,0.0,0.0,0.0,0.0,1.0,0.0,0.0,0.0
-0.5804883024737464,1.5366353119986127,0.015893153398402464,1.0,0.0,0.0,0.0,0.0,1.0,0.0,0.0,0.0,0.0,0.0,1.0,0.0
-1.0506300047491068,0.5099302037590051,-0.566273637751864,0.0,1.0,1.0,0.0,1.0,1.0,0.0,0.0,0.0,0.0,0.0,0.0,1.0
0.2570814129051692,-1.54348001272021,-1.3230904662472105,0.0,0.0,0.0,1.0,0.0,0.0,0.0,0.0,0.0,0.0,0.0,0.0,0.0
-0.7292721022299649,-1.2012449766403408,0.07410983251342891,0.0,0.0,0.0,1.0,0.0,0.0,0.0,1.0,0.0,0.0,0.0,0.0,0.0
-1.4184356417099113,1.5366353119986127,-0.6244903168668905,1.0,0.0,0.0,0.0,1.0,1.0,0.0,0.0,1.0,0.0,0.0,0.0,1.0
-0.14168938035007628,-0.1745398684007332,0.3069765489735357,0.0,1.0,1.0,0.0,0.0,0.0,0.0,0.0,0.0,0.0,0.0,0.0,0.0
-1.0132452428814278,-0.5167749044806024,-0.33340692129175725,0.0,1.0,1.0,0.0,1.0,1.0,0.0,0.0,0.0,0.0,0.0,0.0,0.0
0.8575033459315334,0.16769516767913598,-0.6827069959819174,0.0,0.0,0.0,1.0,0.0,1.0,0.0,0.0,0.0,1.0,0.0,0.0,1.0
0.1638083201645957,-0.5167749044806024,-1.439523824477264,0.0,0.0,0.0,1.0,0.0,1.0,0.0,0.0,0.0,1.0,0.0,0.0,0.0
1.243812551897553,-1.54348001272021,0.4234099072035891,0.0,1.0,1.0,0.0,0.0,0.0,0.0,0.0,0.0,1.0,0.0,0.0,0.0
1.6671288958740018,-1.2012449766403408,-0.1587568839466774,0.0,1.0,1.0,0.0,1.0,1.0,1.0,0.0,0.0,0.0,0.0,1.0,0.0
-0.6292017800589043,-1.54348001272021,-1.3230904662472105,1.0,0.0,0.0,0.0,0.0,1.0,0.0,0.0,1.0,0.0,0.0,1.0,0.0
-0.26668287709958993,-1.54348001272021,-1.4977405035922904,0.0,1.0,1.0,0.0,1.0,1.0,0.0,1.0,0.0,0.0,0.0,0.0,0.0
-0.16925592192927427,-0.5167749044806024,-1.3230904662472105,0.0,0.0,0.0,1.0,1.0,0.0,0.0,0.0,0.0,0.0,0.0,1.0,0.0
-1.5373871567434363,0.8521652398388743,0.9473600192388287,1.0,0.0,0.0,0.0,1.0,0.0,0.0,0.0,0.0,0.0,0.0,0.0,0.0
0.6241318021514751,0.5099302037590051,-1.5559571827073173,0.0,0.0,0.0,1.0,0.0,1.0,0.0,0.0,0.0,0.0,0.0,0.0,1.0
-0.5831316694744915,0.5099302037590051,1.5295268103890953,0.0,0.0,0.0,1.0,1.0,0.0,0.0,0.0,0.0,0.0,1.0,0.0,0.0
1.2506097813280403,0.8521652398388743,-1.6723905409373707,0.0,0.0,0.0,1.0,0.0,0.0,0.0,0.0,0.0,1.0,0.0,0.0,0.0
-1.102364473192259,-0.8590099405604715,-1.3230904662472105,0.0,0.0,0.0,1.0,0.0,0.0,0.0,0.0,0.0,0.0,0.0,0.0,1.0
0.9908045675405314,-1.2012449766403408,0.4816265863186156,0.0,0.0,0.0,1.0,1.0,0.0,1.0,0.0,0.0,0.0,0.0,0.0,0.0
0.9160350438051731,0.16769516767913598,-0.8573570333269973,1.0,0.0,0.0,0.0,0.0,1.0,0.0,0.0,0.0,0.0,1.0,0.0,0.0
0.51575375512093,-1.2012449766403408,1.5877434895041216,0.0,1.0,1.0,0.0,0.0,1.0,1.0,0.0,0.0,0.0,0.0,0.0,1.0
-1.5649536983226342,-0.1745398684007332,-1.4977405035922904,0.0,0.0,0.0,1.0,0.0,0.0,0.0,1.0,0.0,0.0,0.0,1.0,0.0
-1.5151073491657283,1.1944002759187435,-1.1484404289021306,0.0,0.0,0.0,1.0,0.0,0.0,0.0,0.0,1.0,0.0,0.0,0.0,0.0
0.8480627495003012,1.5366353119986127,-1.4977405035922904,0.0,1.0,1.0,0.0,0.0,0.0,0.0,0.0,0.0,0.0,0.0,0.0,0.0
1.6501358222977844,-1.2012449766403408,-1.0320070706720772,0.0,1.0,1.0,0.0,0.0,1.0,0.0,1.0,0.0,0.0,0.0,0.0,0.0
-1.3062813561068736,-0.8590099405604715,0.19054319074348233,0.0,1.0,1.0,0.0,0.0,0.0,0.0,1.0,0.0,0.0,0.0,0.0,0.0
0.7219363811790402,-0.1745398684007332,-1.206657108017157,0.0,1.0,1.0,0.0,0.0,1.0,0.0,0.0,0.0,0.0,0.0,0.0,0.0
-0.9819024627297369,0.5099302037590051,0.6562766236636954,0.0,1.0,1.0,0.0,0.0,0.0,0.0,0.0,1.0,0.0,0.0,1.0,0.0
-0.4381241082907656,-0.5167749044806024,0.8309266610087758,0.0,1.0,1.0,0.0,0.0,1.0,0.0,0.0,1.0,0.0,0.0,0.0,1.0
-1.2364209425157555,1.1944002759187435,-0.8573570333269973,0.0,1.0,1.0,0.0,1.0,0.0,0.0,1.0,0.0,0.0,0.0,0.0,0.0
-0.6137192019116834,-1.54348001272021,0.8309266610087758,0.0,1.0,1.0,0.0,1.0,0.0,0.0,0.0,1.0,0.0,0.0,0.0,0.0
-1.5260584410259577,0.16769516767913598,1.6459601686191492,0.0,0.0,0.0,1.0,1.0,1.0,0.0,0.0,1.0,0.0,0.0,0.0,1.0
0.23027011904047018,-0.1745398684007332,-0.1587568839466774,0.0,0.0,0.0,1.0,1.0,0.0,1.0,0.0,0.0,0.0,0.0,0.0,0.0
-1.2896659063879048,0.16769516767913598,1.4130934521590424,0.0,0.0,0.0,1.0,1.0,1.0,0.0,0.0,0.0,1.0,0.0,1.0,0.0
1.5885831335661504,-0.5167749044806024,-0.33340692129175725,1.0,0.0,0.0,0.0,1.0,1.0,0.0,0.0,0.0,0.0,1.0,0.0,1.0
1.665618400445005,-0.1745398684007332,-0.9155737124420238,0.0,0.0,0.0,1.0,0.0,1.0,0.0,1.0,0.0,0.0,0.0,0.0,0.0
1.4571700312433995,-0.5167749044806024,0.9473600192388287,0.0,1.0,1.0,0.0,0.0,1.0,0.0,1.0,0.0,0.0,0.0,0.0,0.0
-0.1715216650727698,-0.5167749044806024,-1.7306072200523972,1.0,0.0,0.0,0.0,0.0,1.0,0.0,0.0,1.0,0.0,0.0,1.0,0.0
-0.7292721022299649,-0.5167749044806024,0.3651932280885622,0.0,0.0,0.0,1.0,0.0,1.0,0.0,0.0,0.0,0.0,0.0,0.0,0.0
-1.2707847135254404,1.1944002759187435,-0.10054020483165095,1.0,0.0,0.0,0.0,1.0,1.0,0.0,0.0,0.0,1.0,0.0,0.0,0.0
-0.8599299568382178,-0.8590099405604715,1.238443414813962,0.0,0.0,0.0,1.0,1.0,1.0,0.0,1.0,0.0,0.0,0.0,1.0,0.0
0.8061465013456306,-0.1745398684007332,-0.8573570333269973,0.0,0.0,0.0,1.0,1.0,1.0,1.0,0.0,0.0,0.0,0.0,0.0,0.0
-1.215651630367045,-1.2012449766403408,0.5398432654336426,0.0,0.0,0.0,1.0,0.0,1.0,0.0,1.0,0.0,0.0,0.0,1.0,0.0
-1.5472053770319179,-0.1745398684007332,0.8891433401238023,0.0,1.0,1.0,0.0,0.0,1.0,0.0,0.0,0.0,0.0,1.0,0.0,1.0
-1.0279725733141498,-0.1745398684007332,1.238443414813962,0.0,0.0,0.0,1.0,0.0,0.0,0.0,0.0,0.0,0.0,0.0,1.0,0.0
0.7827338221961753,1.1944002759187435,0.3069765489735357,0.0,0.0,0.0,1.0,1.0,1.0,1.0,0.0,0.0,0.0,0.0,0.0,1.0
0.08601780557124304,0.16769516767913598,-1.0320070706720772,1.0,0.0,0.0,0.0,1.0,0.0,0.0,0.0,0.0,0.0,1.0,0.0,0.0
-0.3029347673955214,-0.8590099405604715,1.4713101312740688,0.0,1.0,1.0,0.0,1.0,0.0,0.0,0.0,0.0,0.0,0.0,1.0,0.0
-0.4853270904469263,1.1944002759187435,1.122010056583909,1.0,0.0,0.0,0.0,0.0,0.0,0.0,1.0,0.0,0.0,0.0,1.0,0.0
-0.2863193176765526,-0.8590099405604715,0.4816265863186156,1.0,0.0,0.0,0.0,0.0,1.0,0.0,0.0,0.0,0.0,0.0,1.0,0.0
0.011248281835884324,0.5099302037590051,1.122010056583909,1.0,0.0,0.0,0.0,0.0,0.0,0.0,0.0,1.0,0.0,0.0,0.0,1.0
0.8016150150586395,0.5099302037590051,0.4234099072035891,1.0,0.0,0.0,0.0,0.0,0.0,0.0,0.0,1.0,0.0,0.0,0.0,0.0
1.5617718397014515,-0.1745398684007332,1.3548767730440159,0.0,1.0,1.0,0.0,1.0,0.0,0.0,1.0,0.0,0.0,0.0,0.0,1.0
-0.4162219245703071,-0.8590099405604715,-0.44984027952181066,0.0,0.0,0.0,1.0,1.0,1.0,0.0,0.0,0.0,0.0,1.0,0.0,0.0
0.8405102723553161,1.1944002759187435,0.3651932280885622,0.0,0.0,0.0,1.0,1.0,0.0,1.0,0.0,0.0,0.0,0.0,0.0,1.0
0.614691205720243,-1.54348001272021,0.19054319074348233,0.0,0.0,0.0,1.0,0.0,1.0,0.0,0.0,0.0,0.0,0.0,0.0,0.0
1.2679804787615072,0.8521652398388743,-1.3230904662472105,0.0,1.0,1.0,0.0,0.0,0.0,0.0,0.0,0.0,1.0,0.0,0.0,0.0
-1.1197351706257264,0.5099302037590051,-1.0902237497871041,0.0,0.0,0.0,1.0,1.0,1.0,0.0,0.0,0.0,0.0,0.0,0.0,0.0
-1.592520239901832,1.5366353119986127,-1.264873787132184,1.0,0.0,0.0,0.0,1.0,0.0,0.0,0.0,1.0,0.0,0.0,1.0,0.0
1.6474924552970391,1.5366353119986127,-0.21697356306170434,0.0,1.0,1.0,0.0,0.0,0.0,1.0,0.0,0.0,0.0,0.0,1.0,0.0
-0.15037472906681,0.5099302037590051,-0.8573570333269973,0.0,0.0,0.0,1.0,1.0,1.0,0.0,0.0,0.0,0.0,0.0,0.0,0.0
-0.03557707646302718,0.5099302037590051,0.8891433401238023,1.0,0.0,0.0,0.0,0.0,0.0,1.0,0.0,0.0,0.0,0.0,1.0,0.0
-1.0827280326152964,1.1944002759187435,-1.264873787132184,1.0,0.0,0.0,0.0,0.0,1.0,0.0,0.0,0.0,1.0,0.0,0.0,0.0
-0.9603779028665278,-1.54348001272021,0.8309266610087758,0.0,1.0,1.0,0.0,1.0,0.0,0.0,0.0,0.0,0.0,0.0,0.0,0.0
1.263826616331765,-0.5167749044806024,0.4816265863186156,1.0,0.0,0.0,0.0,0.0,0.0,0.0,1.0,0.0,0.0,0.0,1.0,0.0
-0.6843348632173,1.5366353119986127,1.3548767730440159,0.0,1.0,1.0,0.0,1.0,0.0,1.0,0.0,0.0,0.0,0.0,1.0,0.0
1.501729646398815,1.5366353119986127,-1.0320070706720772,0.0,1.0,1.0,0.0,1.0,0.0,0.0,0.0,0.0,0.0,1.0,0.0,0.0
-1.063846839752832,-0.8590099405604715,-0.2751902421767308,1.0,0.0,0.0,0.0,1.0,1.0,0.0,0.0,0.0,0.0,0.0,0.0,1.0
0.7287336106095271,-1.54348001272021,-0.7991403542119708,1.0,0.0,0.0,0.0,1.0,1.0,0.0,0.0,0.0,0.0,1.0,0.0,0.0
0.9549303011018491,0.8521652398388743,0.24875986985850929,0.0,0.0,0.0,1.0,0.0,1.0,0.0,1.0,0.0,0.0,0.0,1.0,0.0
1.4651001322456343,0.8521652398388743,1.238443414813962,0.0,1.0,1.0,0.0,1.0,0.0,0.0,1.0,0.0,0.0,0.0,0.0,0.0
1.6659960243022545,-1.2012449766403408,0.598059944548669,0.0,1.0,1.0,0.0,1.0,1.0,0.0,1.0,0.0,0.0,0.0,0.0,1.0
0.6626494355909022,0.16769516767913598,0.13232651162845588,0.0,0.0,0.0,1.0,1.0,1.0,0.0,0.0,0.0,1.0,0.0,0.0,0.0
-0.5449916598923134,-0.5167749044806024,0.07410983251342891,0.0,1.0,1.0,0.0,1.0,0.0,0.0,1.0,0.0,0.0,0.0,0.0,0.0
0.9821192188237982,-0.5167749044806024,1.238443414813962,0.0,1.0,1.0,0.0,1.0,0.0,1.0,0.0,0.0,0.0,0.0,0.0,0.0
-0.16434681178503346,1.1944002759187435,-0.7991403542119708,0.0,1.0,1.0,0.0,1.0,0.0,0.0,0.0,0.0,0.0,0.0,0.0,0.0
0.38773926751342214,-0.5167749044806024,-0.566273637751864,0.0,0.0,0.0,1.0,0.0,1.0,0.0,0.0,0.0,1.0,0.0,0.0,0.0
-1.5600445881783933,1.5366353119986127,-0.9155737124420238,0.0,1.0,1.0,0.0,1.0,0.0,0.0,0.0,0.0,0.0,1.0,0.0,0.0
-1.2904211541024033,1.1944002759187435,0.4816265863186156,0.0,0.0,0.0,1.0,0.0,1.0,0.0,0.0,0.0,0.0,0.0,1.0,0.0
-1.1106721980517433,0.5099302037590051,1.7041768477341757,1.0,0.0,0.0,0.0,0.0,0.0,0.0,0.0,0.0,0.0,0.0,0.0,0.0
0.19968258660327795,-1.2012449766403408,-1.206657108017157,1.0,0.0,0.0,0.0,1.0,0.0,1.0,0.0,0.0,0.0,0.0,1.0,0.0
0.5452084159863743,0.16769516767913598,-1.0320070706720772,0.0,1.0,1.0,0.0,1.0,0.0,0.0,0.0,0.0,1.0,0.0,0.0,1.0
-0.5132712558833735,0.16769516767913598,1.122010056583909,0.0,1.0,1.0,0.0,1.0,1.0,1.0,0.0,0.0,0.0,0.0,0.0,0.0
0.4311660110970902,-0.1745398684007332,1.238443414813962,0.0,0.0,0.0,1.0,1.0,0.0,0.0,0.0,0.0,1.0,0.0,1.0,0.0
1.549310252412225,-0.1745398684007332,0.015893153398402464,0.0,0.0,0.0,1.0,0.0,0.0,1.0,0.0,0.0,0.0,0.0,0.0,1.0
-0.7662792402403947,1.1944002759187435,1.5295268103890953,1.0,0.0,0.0,0.0,0.0,0.0,0.0,0.0,0.0,1.0,0.0,1.0,0.0
1.5036177656850613,0.5099302037590051,1.0055766983538552,0.0,1.0,1.0,0.0,1.0,1.0,0.0,0.0,0.0,0.0,1.0,0.0,1.0
1.5598837204152052,-0.5167749044806024,1.4130934521590424,0.0,1.0,1.0,0.0,0.0,1.0,1.0,0.0,0.0,0.0,0.0,0.0,1.0
-1.209232024793807,-0.5167749044806024,-1.7306072200523972,1.0,0.0,0.0,0.0,1.0,0.0,0.0,0.0,0.0,0.0,0.0,1.0,0.0
1.0066647695450013,-0.5167749044806024,0.3069765489735357,0.0,0.0,0.0,1.0,0.0,1.0,0.0,0.0,0.0,0.0,1.0,1.0,0.0
-1.0974553630480184,-1.2012449766403408,-1.6141738618223438,0.0,1.0,1.0,0.0,1.0,0.0,0.0,0.0,0.0,0.0,0.0,0.0,0.0
1.6622197857297614,-0.1745398684007332,1.7041768477341757,1.0,0.0,0.0,0.0,1.0,0.0,0.0,1.0,0.0,0.0,0.0,0.0,0.0
0.7257126197515329,-0.5167749044806024,-1.6141738618223438,0.0,1.0,1.0,0.0,0.0,0.0,0.0,1.0,0.0,0.0,0.0,0.0,1.0
-0.5563203756097921,-0.1745398684007332,1.7041768477341757,0.0,0.0,0.0,1.0,1.0,0.0,0.0,1.0,0.0,0.0,0.0,0.0,1.0
0.7608316384757162,-1.54348001272021,-0.6827069959819174,1.0,0.0,0.0,0.0,0.0,1.0,0.0,0.0,0.0,0.0,1.0,0.0,0.0
-0.33616566683345833,0.16769516767913598,-0.566273637751864,0.0,1.0,1.0,0.0,1.0,1.0,0.0,1.0,0.0,0.0,0.0,0.0,0.0
-0.8818321405586763,1.5366353119986127,1.7623935268492021,0.0,0.0,0.0,1.0,1.0,0.0,0.0,0.0,1.0,0.0,0.0,1.0,0.0
-0.0605002510414799,1.1944002759187435,1.4713101312740688,0.0,1.0,1.0,0.0,0.0,0.0,1.0,0.0,0.0,0.0,0.0,0.0,1.0
-1.4142817792801692,0.5099302037590051,-0.21697356306170434,1.0,0.0,0.0,0.0,1.0,1.0,0.0,1.0,0.0,0.0,0.0,1.0,0.0
0.9368043559538838,-0.8590099405604715,0.6562766236636954,0.0,1.0,1.0,0.0,0.0,0.0,1.0,0.0,0.0,0.0,0.0,0.0,0.0
-0.6692299089273284,1.5366353119986127,1.5877434895041216,1.0,0.0,0.0,0.0,1.0,0.0,1.0,0.0,0.0,0.0,0.0,0.0,0.0
0.7985940242006447,-1.54348001272021,0.13232651162845588,0.0,0.0,0.0,1.0,0.0,1.0,0.0,0.0,0.0,0.0,0.0,0.0,1.0
-0.1288501692036007,1.5366353119986127,-0.44984027952181066,0.0,0.0,0.0,1.0,0.0,0.0,0.0,0.0,0.0,0.0,1.0,1.0,0.0
0.9088601905174363,-1.54348001272021,0.19054319074348233,0.0,0.0,0.0,1.0,1.0,0.0,0.0,0.0,1.0,0.0,0.0,0.0,1.0
0.8242724464935964,-0.1745398684007332,-1.5559571827073173,0.0,0.0,0.0,1.0,1.0,0.0,0.0,0.0,1.0,0.0,0.0,0.0,1.0
-0.052947773896494084,-0.1745398684007332,-1.3813071453622374,0.0,0.0,0.0,1.0,1.0,0.0,0.0,1.0,0.0,0.0,0.0,0.0,1.0
-1.5891216251865885,1.1944002759187435,-0.6827069959819174,1.0,0.0,0.0,0.0,1.0,1.0,0.0,0.0,0.0,1.0,0.0,0.0,0.0
-0.5517888893228005,0.16769516767913598,0.7727099818937494,1.0,0.0,0.0,0.0,0.0,0.0,0.0,0.0,1.0,0.0,0.0,1.0,0.0
-1.375764145840742,1.1944002759187435,0.598059944548669,1.0,0.0,0.0,0.0,0.0,1.0,0.0,0.0,0.0,0.0,0.0,0.0,0.0
-0.6133415780544341,0.16769516767913598,1.4130934521590424,0.0,1.0,1.0,0.0,1.0,0.0,0.0,1.0,0.0,0.0,0.0,1.0,0.0
-0.35693497898216925,-0.5167749044806024,-0.44984027952181066,0.0,1.0,1.0,0.0,1.0,1.0,0.0,0.0,0.0,1.0,0.0,1.0,0.0
-1.5743942947538663,-1.54348001272021,1.6459601686191492,0.0,1.0,1.0,0.0,0.0,1.0,0.0,0.0,0.0,1.0,0.0,0.0,1.0
-0.601257614622457,-0.1745398684007332,1.5295268103890953,1.0,0.0,0.0,0.0,1.0,0.0,1.0,0.0,0.0,0.0,0.0,0.0,1.0
1.5904712528523974,0.5099302037590051,-1.206657108017157,0.0,1.0,1.0,0.0,0.0,0.0,1.0,0.0,0.0,0.0,0.0,0.0,1.0
0.4375856166703281,-0.5167749044806024,0.598059944548669,0.0,0.0,0.0,1.0,0.0,1.0,0.0,0.0,0.0,0.0,1.0,1.0,0.0
-1.5815691480416028,-0.1745398684007332,0.4816265863186156,0.0,0.0,0.0,1.0,1.0,1.0,0.0,1.0,0.0,0.0,0.0,1.0,0.0
0.4923410759714741,-0.5167749044806024,-1.6723905409373707,1.0,0.0,0.0,0.0,0.0,0.0,1.0,0.0,0.0,0.0,0.0,0.0,0.0
0.03239521784184441,-0.5167749044806024,-0.8573570333269973,0.0,0.0,0.0,1.0,1.0,0.0,0.0,0.0,0.0,1.0,0.0,0.0,1.0
-1.2028124192205691,-0.1745398684007332,-0.9155737124420238,0.0,1.0,1.0,0.0,1.0,0.0,1.0,0.0,0.0,0.0,0.0,0.0,1.0
-0.8104612315385613,1.5366353119986127,-1.0902237497871041,1.0,0.0,0.0,0.0,1.0,0.0,0.0,0.0,1.0,0.0,0.0,0.0,0.0
-1.2764490713841798,-1.2012449766403408,-0.04232352571662398,1.0,0.0,0.0,0.0,1.0,1.0,0.0,0.0,0.0,0.0,1.0,0.0,1.0
-1.3104352185366155,-0.1745398684007332,0.4816265863186156,0.0,0.0,0.0,1.0,0.0,1.0,0.0,0.0,1.0,0.0,0.0,0.0,0.0
-1.1265324000562134,-0.8590099405604715,-0.21697356306170434,0.0,0.0,0.0,1.0,1.0,1.0,0.0,0.0,0.0,0.0,1.0,0.0,1.0
-0.17907414221775564,0.8521652398388743,1.2966600939289885,0.0,0.0,0.0,1.0,1.0,1.0,0.0,0.0,0.0,1.0,0.0,0.0,1.0
1.527030444834517,-1.54348001272021,0.4816265863186156,1.0,0.0,0.0,0.0,1.0,1.0,0.0,0.0,1.0,0.0,0.0,0.0,1.0
-0.3886553829911091,-0.5167749044806024,1.0055766983538552,0.0,1.0,1.0,0.0,1.0,0.0,0.0,0.0,0.0,1.0,0.0,1.0,0.0
0.9756996132505602,-1.54348001272021,1.2966600939289885,0.0,1.0,1.0,0.0,0.0,0.0,0.0,0.0,1.0,0.0,0.0,0.0,1.0
0.05845126399204504,-1.2012449766403408,0.7727099818937494,1.0,0.0,0.0,0.0,1.0,0.0,0.0,0.0,1.0,0.0,0.0,0.0,1.0
-1.1499450792056691,0.5099302037590051,0.7144933027787219,0.0,0.0,0.0,1.0,0.0,0.0,0.0,0.0,0.0,0.0,0.0,0.0,0.0
-0.6446843582061248,-0.8590099405604715,0.3069765489735357,0.0,1.0,1.0,0.0,0.0,0.0,0.0,1.0,0.0,0.0,0.0,0.0,1.0
1.0716160729918784,-0.8590099405604715,1.6459601686191492,0.0,1.0,1.0,0.0,1.0,0.0,0.0,0.0,0.0,0.0,0.0,0.0,0.0
1.5685690691319383,1.5366353119986127,1.0055766983538552,0.0,1.0,1.0,0.0,0.0,0.0,1.0,0.0,0.0,0.0,0.0,1.0,0.0
-1.1423926020606834,0.8521652398388743,-0.1587568839466774,1.0,0.0,0.0,0.0,0.0,1.0,1.0,0.0,0.0,0.0,0.0,1.0,0.0
-1.4875408075865304,-1.54348001272021,-1.1484404289021306,0.0,1.0,1.0,0.0,1.0,1.0,1.0,0.0,0.0,0.0,0.0,0.0,0.0
-0.5687819628990185,1.1944002759187435,0.015893153398402464,1.0,0.0,0.0,0.0,0.0,1.0,1.0,0.0,0.0,0.0,0.0,0.0,0.0
-0.09448639819391556,0.5099302037590051,1.122010056583909,0.0,0.0,0.0,1.0,0.0,1.0,0.0,0.0,1.0,0.0,0.0,0.0,0.0
-1.3142114571091086,-0.8590099405604715,0.598059944548669,1.0,0.0,0.0,0.0,0.0,0.0,0.0,1.0,0.0,0.0,0.0,1.0,0.0
0.43796324052757707,-0.1745398684007332,-0.04232352571662398,1.0,0.0,0.0,0.0,1.0,1.0,0.0,0.0,0.0,0.0,1.0,0.0,0.0
1.3208478187764074,1.5366353119986127,0.19054319074348233,0.0,0.0,0.0,1.0,0.0,0.0,0.0,0.0,0.0,1.0,0.0,0.0,1.0
0.5063131586896978,-1.2012449766403408,-0.04232352571662398,1.0,0.0,0.0,0.0,1.0,1.0,1.0,0.0,0.0,0.0,0.0,1.0,0.0
-0.46833401687070836,-1.2012449766403408,-0.7409236750969439,0.0,1.0,1.0,0.0,1.0,1.0,0.0,1.0,0.0,0.0,0.0,0.0,1.0
-1.2164068780815434,0.16769516767913598,-0.33340692129175725,0.0,0.0,0.0,1.0,1.0,0.0,0.0,0.0,0.0,0.0,0.0,0.0,1.0
1.505505884971308,0.5099302037590051,1.5295268103890953,1.0,0.0,0.0,0.0,1.0,1.0,1.0,0.0,0.0,0.0,0.0,1.0,0.0
-0.3108648683977564,-1.54348001272021,-0.10054020483165095,1.0,0.0,0.0,0.0,1.0,0.0,1.0,0.0,0.0,0.0,0.0,1.0,0.0
1.6452267121535433,1.1944002759187435,1.1802267356989355,0.0,1.0,1.0,0.0,1.0,1.0,0.0,0.0,0.0,0.0,1.0,0.0,1.0
1.0293222009799587,-0.5167749044806024,1.5295268103890953,0.0,1.0,1.0,0.0,0.0,1.0,0.0,0.0,0.0,0.0,1.0,0.0,1.0
-0.8187689563980455,0.16769516767913598,0.4234099072035891,0.0,0.0,0.0,1.0,1.0,1.0,0.0,0.0,0.0,1.0,0.0,1.0,0.0
-1.458841394435585,-0.5167749044806024,0.015893153398402464,0.0,1.0,1.0,0.0,0.0,1.0,0.0,1.0,0.0,0.0,0.0,0.0,1.0
-0.5593413664677863,0.8521652398388743,-0.2751902421767308,0.0,1.0,1.0,0.0,1.0,0.0,0.0,0.0,0.0,0.0,0.0,1.0,0.0
-1.4437364401456132,-0.1745398684007332,0.6562766236636954,0.0,1.0,1.0,0.0,0.0,1.0,0.0,1.0,0.0,0.0,0.0,0.0,0.0
1.237015322467066,0.8521652398388743,-1.5559571827073173,1.0,0.0,0.0,0.0,0.0,0.0,0.0,0.0,0.0,0.0,1.0,1.0,0.0
1.2664699833325097,1.1944002759187435,-0.2751902421767308,0.0,0.0,0.0,1.0,0.0,0.0,0.0,0.0,0.0,1.0,0.0,1.0,0.0
-1.6197091576237805,-1.54348001272021,1.4713101312740688,0.0,1.0,1.0,0.0,1.0,1.0,1.0,0.0,0.0,0.0,0.0,0.0,1.0
-1.3810508798422318,0.5099302037590051,1.5877434895041216,0.0,0.0,0.0,1.0,1.0,0.0,0.0,0.0,0.0,0.0,1.0,0.0,0.0
-1.3791627605559855,-1.54348001272021,1.4713101312740688,1.0,0.0,0.0,0.0,0.0,0.0,0.0,0.0,1.0,0.0,0.0,1.0,0.0
-1.0578048580368433,1.5366353119986127,1.122010056583909,0.0,1.0,1.0,0.0,0.0,1.0,0.0,1.0,0.0,0.0,0.0,1.0,0.0
-0.3750609241301348,-0.8590099405604715,-0.2751902421767308,0.0,1.0,1.0,0.0,1.0,1.0,1.0,0.0,0.0,0.0,0.0,1.0,0.0
-1.0800846656145513,-1.54348001272021,-0.9737903915570507,1.0,0.0,0.0,0.0,0.0,0.0,0.0,0.0,1.0,0.0,0.0,1.0,0.0
-0.6250479176291621,-1.54348001272021,1.5295268103890953,1.0,0.0,0.0,0.0,0.0,0.0,0.0,0.0,0.0,0.0,1.0,1.0,0.0
0.7189153903210456,0.16769516767913598,-0.1587568839466774,1.0,0.0,0.0,0.0,1.0,0.0,0.0,0.0,0.0,0.0,0.0,0.0,0.0
-1.27116233738269,0.16769516767913598,0.3651932280885622,1.0,0.0,0.0,0.0,1.0,1.0,0.0,0.0,0.0,0.0,0.0,0.0,0.0
0.29975290877433863,-0.1745398684007332,-1.264873787132184,0.0,0.0,0.0,1.0,1.0,0.0,0.0,1.0,0.0,0.0,0.0,0.0,1.0
-1.1582528040651534,-1.54348001272021,-0.8573570333269973,0.0,0.0,0.0,1.0,1.0,1.0,0.0,0.0,1.0,0.0,0.0,0.0,1.0
-1.3179876956816012,-0.5167749044806024,-1.3230904662472105,0.0,0.0,0.0,1.0,0.0,1.0,0.0,0.0,0.0,0.0,0.0,0.0,0.0
-0.9860563251594792,-0.1745398684007332,-0.04232352571662398,1.0,0.0,0.0,0.0,0.0,0.0,1.0,0.0,0.0,0.0,0.0,0.0,0.0
0.8204962079211038,1.1944002759187435,-1.439523824477264,1.0,0.0,0.0,0.0,0.0,0.0,0.0,1.0,0.0,0.0,0.0,1.0,0.0
0.8956433555137114,1.5366353119986127,-0.44984027952181066,1.0,0.0,0.0,0.0,1.0,1.0,0.0,0.0,0.0,0.0,0.0,0.0,0.0
-0.3437181439784442,1.5366353119986127,0.3651932280885622,0.0,1.0,1.0,0.0,0.0,0.0,0.0,0.0,0.0,0.0,0.0,0.0,0.0
-0.7470204235206813,-1.54348001272021,0.5398432654336426,0.0,1.0,1.0,0.0,1.0,1.0,0.0,1.0,0.0,0.0,0.0,1.0,0.0
-0.5721805776142619,-0.1745398684007332,-1.439523824477264,0.0,1.0,1.0,0.0,1.0,1.0,0.0,1.0,0.0,0.0,0.0,0.0,0.0
0.6562298300176642,1.5366353119986127,1.0055766983538552,1.0,0.0,0.0,0.0,0.0,0.0,0.0,1.0,0.0,0.0,0.0,1.0,0.0
0.6902159771701002,-0.5167749044806024,-0.5080569586368376,0.0,1.0,1.0,0.0,1.0,0.0,0.0,0.0,0.0,0.0,1.0,0.0,0.0
-1.2481272820904834,-1.54348001272021,-0.33340692129175725,0.0,1.0,1.0,0.0,0.0,0.0,0.0,1.0,0.0,0.0,0.0,0.0,0.0
-0.16359156407053477,-0.1745398684007332,1.238443414813962,0.0,0.0,0.0,1.0,0.0,1.0,0.0,1.0,0.0,0.0,0.0,1.0,0.0
-0.042374305893514305,1.5366353119986127,0.07410983251342891,0.0,1.0,1.0,0.0,0.0,0.0,0.0,0.0,0.0,0.0,1.0,1.0,0.0
-0.6994398175072714,0.5099302037590051,0.4234099072035891,0.0,1.0,1.0,0.0,0.0,0.0,0.0,0.0,1.0,0.0,0.0,1.0,0.0
-0.7043489276515119,0.16769516767913598,-1.439523824477264,1.0,0.0,0.0,0.0,1.0,1.0,0.0,0.0,0.0,0.0,1.0,0.0,0.0
-1.2874001632444092,-1.54348001272021,0.13232651162845588,0.0,1.0,1.0,0.0,1.0,1.0,0.0,1.0,0.0,0.0,0.0,0.0,1.0
1.6301217578635723,-1.54348001272021,0.8309266610087758,0.0,1.0,1.0,0.0,0.0,0.0,0.0,0.0,0.0,0.0,0.0,0.0,0.0
1.0610426049888984,0.16769516767913598,-0.9155737124420238,0.0,1.0,1.0,0.0,0.0,0.0,0.0,0.0,0.0,1.0,0.0,0.0,1.0
-0.5899288989049786,-0.5167749044806024,1.5877434895041216,0.0,0.0,0.0,1.0,0.0,0.0,0.0,0.0,0.0,0.0,1.0,0.0,0.0
-0.47362075087219835,1.5366353119986127,-0.8573570333269973,0.0,0.0,0.0,1.0,0.0,1.0,1.0,0.0,0.0,0.0,0.0,1.0,0.0
0.6381038848696984,0.8521652398388743,-1.3813071453622374,1.0,0.0,0.0,0.0,0.0,1.0,0.0,0.0,1.0,0.0,0.0,0.0,0.0
0.33109568892602925,-0.1745398684007332,-0.21697356306170434,0.0,0.0,0.0,1.0,0.0,0.0,0.0,0.0,0.0,0.0,0.0,0.0,0.0
0.35903985436247676,-0.8590099405604715,-0.39162360040678423,0.0,0.0,0.0,1.0,1.0,1.0,0.0,0.0,1.0,0.0,0.0,1.0,0.0
-0.8463354979772435,-0.1745398684007332,-1.6141738618223438,0.0,0.0,0.0,1.0,1.0,0.0,0.0,0.0,0.0,0.0,1.0,1.0,0.0
1.072371320706377,-0.5167749044806024,-1.4977405035922904,0.0,1.0,1.0,0.0,1.0,1.0,0.0,0.0,0.0,0.0,0.0,0.0,1.0
-0.8044192498225728,1.5366353119986127,-0.1587568839466774,1.0,0.0,0.0,0.0,1.0,1.0,0.0,0.0,0.0,0.0,1.0,0.0,1.0
-0.6446843582061248,-1.54348001272021,-0.1587568839466774,0.0,0.0,0.0,1.0,1.0,1.0,0.0,0.0,0.0,0.0,0.0,0.0,1.0
0.38887213908517004,0.8521652398388743,0.8309266610087758,0.0,1.0,1.0,0.0,1.0,1.0,0.0,1.0,0.0,0.0,0.0,0.0,0.0
-0.8637061954107107,1.5366353119986127,-0.44984027952181066,0.0,1.0,1.0,0.0,1.0,0.0,0.0,0.0,0.0,0.0,0.0,0.0,0.0
-0.6998174413645206,-0.1745398684007332,-1.1484404289021306,0.0,0.0,0.0,1.0,1.0,1.0,0.0,0.0,0.0,0.0,1.0,0.0,1.0
0.17778040288281946,1.5366353119986127,-0.566273637751864,1.0,0.0,0.0,0.0,0.0,1.0,0.0,0.0,0.0,1.0,0.0,0.0,0.0
-0.7058594230805093,1.5366353119986127,0.015893153398402464,0.0,1.0,1.0,0.0,0.0,0.0,0.0,0.0,0.0,0.0,1.0,1.0,0.0
-0.23345197766165268,-0.5167749044806024,-0.21697356306170434,1.0,0.0,0.0,0.0,0.0,0.0,0.0,0.0,0.0,0.0,1.0,0.0,1.0
-0.5506560177510527,1.5366353119986127,0.19054319074348233,1.0,0.0,0.0,0.0,1.0,0.0,1.0,0.0,0.0,0.0,0.0,0.0,0.0
-0.6994398175072714,-0.5167749044806024,0.7727099818937494,0.0,0.0,0.0,1.0,1.0,1.0,1.0,0.0,0.0,0.0,0.0,0.0,1.0
-1.2352880709440077,-1.54348001272021,-1.5559571827073173,0.0,1.0,1.0,0.0,1.0,1.0,0.0,0.0,0.0,1.0,0.0,0.0,0.0
0.8310696759240839,1.1944002759187435,1.6459601686191492,1.0,0.0,0.0,0.0,0.0,0.0,0.0,0.0,0.0,1.0,0.0,0.0,1.0
-0.7919576625333462,-1.2012449766403408,0.7144933027787219,1.0,0.0,0.0,0.0,1.0,0.0,1.0,0.0,0.0,0.0,0.0,0.0,1.0
-1.359903943836272,1.5366353119986127,0.13232651162845588,0.0,0.0,0.0,1.0,0.0,0.0,1.0,0.0,0.0,0.0,0.0,1.0,0.0
-1.1461688406331763,0.8521652398388743,1.0055766983538552,1.0,0.0,0.0,0.0,0.0,0.0,0.0,0.0,1.0,0.0,0.0,0.0,1.0
-1.6446323322022336,1.5366353119986127,0.8309266610087758,0.0,1.0,1.0,0.0,0.0,0.0,0.0,0.0,0.0,1.0,0.0,1.0,0.0
1.6697722628747471,-1.2012449766403408,0.07410983251342891,1.0,0.0,0.0,0.0,1.0,1.0,1.0,0.0,0.0,0.0,0.0,0.0,1.0
0.7646078770482094,0.8521652398388743,-0.8573570333269973,1.0,0.0,0.0,0.0,1.0,1.0,0.0,0.0,0.0,0.0,1.0,0.0,0.0
0.28502557834161646,-1.2012449766403408,0.8891433401238023,0.0,1.0,1.0,0.0,1.0,0.0,0.0,0.0,0.0,0.0,0.0,0.0,0.0
1.3053652406291862,0.16769516767913598,-0.44984027952181066,0.0,1.0,1.0,0.0,1.0,0.0,0.0,1.0,0.0,0.0,0.0,0.0,0.0
1.6033104639988727,-1.54348001272021,1.122010056583909,1.0,0.0,0.0,0.0,0.0,0.0,0.0,0.0,0.0,0.0,1.0,0.0,0.0
-0.15679433464004763,0.8521652398388743,1.5295268103890953,0.0,0.0,0.0,1.0,0.0,0.0,0.0,0.0,0.0,0.0,1.0,0.0,0.0
0.6909712248845986,-1.54348001272021,-0.9155737124420238,1.0,0.0,0.0,0.0,0.0,1.0,0.0,0.0,0.0,0.0,1.0,1.0,0.0
-0.8976923425631463,-1.54348001272021,1.238443414813962,0.0,1.0,1.0,0.0,0.0,0.0,1.0,0.0,0.0,0.0,0.0,0.0,1.0
0.5183971221216752,-1.2012449766403408,1.1802267356989355,0.0,1.0,1.0,0.0,1.0,1.0,0.0,0.0,0.0,1.0,0.0,0.0,1.0
1.4212957648047173,-1.2012449766403408,-0.39162360040678423,1.0,0.0,0.0,0.0,1.0,0.0,0.0,0.0,0.0,0.0,1.0,0.0,0.0
1.2377705701815644,-1.54348001272021,1.4713101312740688,1.0,0.0,0.0,0.0,1.0,1.0,0.0,0.0,0.0,0.0,1.0,1.0,0.0
-1.189217960359595,0.8521652398388743,1.6459601686191492,0.0,0.0,0.0,1.0,0.0,1.0,0.0,0.0,0.0,0.0,0.0,0.0,1.0
-0.27083673952933207,-0.8590099405604715,-0.1587568839466774,1.0,0.0,0.0,0.0,0.0,0.0,0.0,0.0,0.0,0.0,1.0,0.0,0.0
1.0716160729918784,0.16769516767913598,0.4234099072035891,1.0,0.0,0.0,0.0,1.0,0.0,0.0,1.0,0.0,0.0,0.0,1.0,0.0
0.2121441738925043,-0.1745398684007332,0.015893153398402464,1.0,0.0,0.0,0.0,0.0,1.0,0.0,0.0,1.0,0.0,0.0,0.0,0.0
-1.500002394875757,0.16769516767913598,-1.0902237497871041,0.0,1.0,1.0,0.0,0.0,0.0,0.0,0.0,0.0,1.0,0.0,1.0,0.0
1.3242464334916506,0.5099302037590051,-0.44984027952181066,1.0,0.0,0.0,0.0,0.0,0.0,0.0,0.0,0.0,0.0,1.0,1.0,0.0
-0.48192847573168285,-0.1745398684007332,-0.5080569586368376,0.0,0.0,0.0,1.0,1.0,0.0,0.0,0.0,0.0,1.0,0.0,0.0,1.0
-0.052570150039244874,0.5099302037590051,1.3548767730440159,0.0,0.0,0.0,1.0,1.0,0.0,1.0,0.0,0.0,0.0,0.0,0.0,1.0
1.6569330517282712,0.5099302037590051,0.3651932280885622,0.0,0.0,0.0,1.0,1.0,1.0,0.0,0.0,0.0,0.0,0.0,0.0,0.0
0.10263325529021153,0.5099302037590051,0.7144933027787219,0.0,1.0,1.0,0.0,0.0,1.0,0.0,0.0,0.0,0.0,1.0,1.0,0.0
-0.15868245392629424,-1.54348001272021,0.8891433401238023,0.0,1.0,1.0,0.0,0.0,0.0,1.0,0.0,0.0,0.0,0.0,0.0,1.0
-0.030667966318786367,-0.1745398684007332,1.6459601686191492,1.0,0.0,0.0,0.0,0.0,1.0,0.0,0.0,1.0,0.0,0.0,0.0,1.0
-0.6148520734834313,-0.1745398684007332,1.0055766983538552,0.0,1.0,1.0,0.0,0.0,1.0,0.0,0.0,0.0,1.0,0.0,1.0,0.0
-0.7908247909615985,-1.2012449766403408,1.5877434895041216,0.0,0.0,0.0,1.0,1.0,1.0,0.0,0.0,0.0,1.0,0.0,0.0,1.0
0.6135583341484951,-0.1745398684007332,-1.5559571827073173,0.0,1.0,1.0,0.0,0.0,1.0,0.0,0.0,0.0,0.0,1.0,1.0,0.0
-0.3761937957018827,-0.8590099405604715,0.4234099072035891,1.0,0.0,0.0,0.0,1.0,0.0,0.0,0.0,0.0,0.0,0.0,1.0,0.0
1.0383851735539416,0.16769516767913598,0.19054319074348233,0.0,1.0,1.0,0.0,0.0,0.0,0.0,0.0,0.0,1.0,0.0,0.0,0.0
-0.6884887256470421,0.16769516767913598,-0.6244903168668905,0.0,0.0,0.0,1.0,0.0,0.0,0.0,0.0,0.0,1.0,0.0,1.0,0.0
0.2718087433378914,-1.2012449766403408,-1.1484404289021306,0.0,1.0,1.0,0.0,1.0,1.0,0.0,0.0,1.0,0.0,0.0,0.0,0.0
0.9832520903955455,0.16769516767913598,0.598059944548669,0.0,0.0,0.0,1.0,1.0,1.0,0.0,1.0,0.0,0.0,0.0,1.0,0.0
1.3495472319273527,-0.1745398684007332,0.07410983251342891,0.0,0.0,0.0,1.0,0.0,0.0,0.0,0.0,0.0,0.0,1.0,0.0,1.0
-0.6216493029139184,-0.5167749044806024,1.1802267356989355,1.0,0.0,0.0,0.0,1.0,1.0,1.0,0.0,0.0,0.0,0.0,1.0,0.0
0.15814396230585648,-1.2012449766403408,-0.1587568839466774,1.0,0.0,0.0,0.0,0.0,1.0,1.0,0.0,0.0,0.0,0.0,0.0,1.0
-0.04954915918125065,1.5366353119986127,-0.5080569586368376,1.0,0.0,0.0,0.0,0.0,0.0,0.0,1.0,0.0,0.0,0.0,1.0,0.0
1.6017999685698758,1.1944002759187435,1.3548767730440159,0.0,0.0,0.0,1.0,1.0,1.0,0.0,0.0,0.0,0.0,1.0,0.0,0.0
-1.1420149782034341,0.16769516767913598,0.015893153398402464,0.0,0.0,0.0,1.0,1.0,1.0,0.0,0.0,1.0,0.0,0.0,0.0,1.0
1.170931147448441,0.8521652398388743,0.13232651162845588,0.0,0.0,0.0,1.0,0.0,1.0,1.0,0.0,0.0,0.0,0.0,1.0,0.0
-1.2356656948012572,1.5366353119986127,0.7144933027787219,1.0,0.0,0.0,0.0,1.0,1.0,0.0,0.0,0.0,0.0,0.0,0.0,1.0
-1.4864079360147828,1.1944002759187435,0.8309266610087758,0.0,1.0,1.0,0.0,1.0,0.0,0.0,1.0,0.0,0.0,0.0,0.0,1.0
-1.0328816834583905,-0.1745398684007332,-0.44984027952181066,0.0,0.0,0.0,1.0,1.0,0.0,0.0,0.0,0.0,1.0,0.0,0.0,1.0
-1.4728134771538084,0.5099302037590051,0.24875986985850929,0.0,1.0,1.0,0.0,1.0,1.0,0.0,0.0,0.0,1.0,0.0,0.0,1.0
0.6905936010273491,-1.54348001272021,-1.1484404289021306,1.0,0.0,0.0,0.0,0.0,0.0,1.0,0.0,0.0,0.0,0.0,1.0,0.0
1.5961356107111364,-1.54348001272021,-0.04232352571662398,0.0,0.0,0.0,1.0,1.0,1.0,0.0,0.0,0.0,1.0,0.0,0.0,1.0
0.6562298300176642,-0.5167749044806024,-1.206657108017157,0.0,0.0,0.0,1.0,1.0,0.0,1.0,0.0,0.0,0.0,0.0,1.0,0.0
1.2011410560283837,0.16769516767913598,-1.0902237497871041,0.0,1.0,1.0,0.0,0.0,0.0,0.0,1.0,0.0,0.0,0.0,0.0,1.0
-0.9437624531475591,-0.8590099405604715,1.238443414813962,0.0,0.0,0.0,1.0,1.0,1.0,0.0,0.0,0.0,1.0,0.0,0.0,1.0
0.763097381619212,-1.54348001272021,0.07410983251342891,0.0,1.0,1.0,0.0,0.0,1.0,0.0,0.0,1.0,0.0,0.0,1.0,0.0
-1.3402675032593092,-0.5167749044806024,-1.1484404289021306,1.0,0.0,0.0,0.0,0.0,0.0,0.0,0.0,0.0,0.0,1.0,1.0,0.0
-1.3935124671314583,0.16769516767913598,-0.8573570333269973,0.0,1.0,1.0,0.0,0.0,1.0,0.0,0.0,0.0,0.0,0.0,1.0,0.0
0.5863694164265466,-1.54348001272021,1.2966600939289885,1.0,0.0,0.0,0.0,1.0,0.0,0.0,1.0,0.0,0.0,0.0,1.0,0.0
-0.6367542572038898,-0.5167749044806024,-1.206657108017157,1.0,0.0,0.0,0.0,0.0,1.0,0.0,0.0,0.0,1.0,0.0,0.0,1.0
-0.9913430591609691,1.5366353119986127,1.122010056583909,0.0,0.0,0.0,1.0,1.0,0.0,1.0,0.0,0.0,0.0,0.0,0.0,1.0
0.19930496274602874,1.1944002759187435,-0.566273637751864,0.0,0.0,0.0,1.0,1.0,1.0,0.0,0.0,0.0,0.0,1.0,1.0,0.0
-0.15603908692554921,-0.1745398684007332,-1.6141738618223438,1.0,0.0,0.0,0.0,1.0,0.0,0.0,0.0,0.0,0.0,1.0,0.0,0.0
0.3922707538004137,0.16769516767913598,0.19054319074348233,0.0,0.0,0.0,1.0,1.0,0.0,0.0,0.0,0.0,0.0,0.0,0.0,0.0
0.06033938327829163,-0.8590099405604715,-0.2751902421767308,1.0,0.0,0.0,0.0,1.0,1.0,1.0,0.0,0.0,0.0,0.0,0.0,1.0
-0.05143727846749697,1.1944002759187435,1.122010056583909,1.0,0.0,0.0,0.0,1.0,0.0,1.0,0.0,0.0,0.0,0.0,0.0,0.0
0.0969688974314723,1.1944002759187435,1.5877434895041216,1.0,0.0,0.0,0.0,1.0,0.0,0.0,0.0,1.0,0.0,0.0,0.0,0.0
-1.2636098602377042,0.16769516767913598,0.9473600192388287,0.0,1.0,1.0,0.0,1.0,1.0,0.0,0.0,0.0,0.0,0.0,1.0,0.0
-1.3727431549827478,0.5099302037590051,-0.04232352571662398,0.0,0.0,0.0,1.0,0.0,1.0,0.0,0.0,0.0,0.0,0.0,0.0,0.0
-0.686978230218045,-0.8590099405604715,0.4234099072035891,1.0,0.0,0.0,0.0,1.0,1.0,0.0,0.0,0.0,1.0,0.0,1.0,0.0
0.6180898204354867,-1.2012449766403408,1.4713101312740688,1.0,0.0,0.0,0.0,0.0,0.0,1.0,0.0,0.0,0.0,0.0,0.0,0.0
1.618037794431595,1.5366353119986127,-1.439523824477264,0.0,1.0,1.0,0.0,0.0,0.0,0.0,1.0,0.0,0.0,0.0,0.0,1.0
-0.5291314578878435,0.16769516767913598,-0.7991403542119708,0.0,0.0,0.0,1.0,0.0,1.0,0.0,1.0,0.0,0.0,0.0,0.0,1.0
0.6324395270109594,-0.8590099405604715,0.7144933027787219,0.0,0.0,0.0,1.0,0.0,0.0,0.0,0.0,0.0,1.0,0.0,0.0,1.0
-1.2874001632444092,1.1944002759187435,0.19054319074348233,1.0,0.0,0.0,0.0,1.0,1.0,0.0,0.0,0.0,0.0,0.0,0.0,0.0
1.2660923594752609,1.5366353119986127,-1.4977405035922904,0.0,1.0,1.0,0.0,1.0,1.0,0.0,1.0,0.0,0.0,0.0,1.0,0.0
-0.5004320447368977,0.8521652398388743,-0.7409236750969439,1.0,0.0,0.0,0.0,1.0,0.0,0.0,0.0,0.0,0.0,0.0,0.0,1.0
0.7113629131760603,0.16769516767913598,-1.1484404289021306,0.0,0.0,0.0,1.0,0.0,1.0,0.0,0.0,0.0,0.0,0.0,0.0,1.0
1.6456043360107928,-1.2012449766403408,1.1802267356989355,1.0,0.0,0.0,0.0,1.0,1.0,1.0,0.0,0.0,0.0,0.0,0.0,0.0
0.9643708975330813,1.5366353119986127,-0.39162360040678423,0.0,0.0,0.0,1.0,1.0,0.0,0.0,1.0,0.0,0.0,0.0,1.0,0.0
-0.2394939593776414,1.5366353119986127,1.4130934521590424,0.0,1.0,1.0,0.0,1.0,0.0,0.0,0.0,0.0,0.0,1.0,1.0,0.0
0.3801867903684363,1.1944002759187435,0.4234099072035891,0.0,0.0,0.0,1.0,1.0,0.0,1.0,0.0,0.0,0.0,0.0,0.0,0.0
0.9133916768044279,0.5099302037590051,-0.8573570333269973,1.0,0.0,0.0,0.0,1.0,0.0,1.0,0.0,0.0,0.0,0.0,1.0,0.0
0.6913488487418481,0.5099302037590051,-1.6723905409373707,0.0,1.0,1.0,0.0,1.0,0.0,0.0,0.0,0.0,0.0,1.0,0.0,1.0
0.9957136776847724,-0.1745398684007332,0.3651932280885622,1.0,0.0,0.0,0.0,0.0,0.0,0.0,0.0,0.0,1.0,0.0,1.0,0.0
-1.0951896199045226,1.5366353119986127,0.9473600192388287,1.0,0.0,0.0,0.0,0.0,1.0,0.0,0.0,0.0,0.0,1.0,0.0,0.0
-1.7197794797948411,0.5099302037590051,0.7727099818937494,0.0,0.0,0.0,1.0,0.0,1.0,0.0,1.0,0.0,0.0,0.0,0.0,1.0
0.6313066554392115,-1.2012449766403408,0.6562766236636954,1.0,0.0,0.0,0.0,1.0,1.0,0.0,1.0,0.0,0.0,0.0,1.0,0.0
1.1418541104402455,-0.1745398684007332,0.9473600192388287,0.0,0.0,0.0,1.0,1.0,1.0,0.0,0.0,0.0,0.0,1.0,1.0,0.0
0.9681471361055743,0.5099302037590051,-0.39162360040678423,1.0,0.0,0.0,0.0,0.0,1.0,1.0,0.0,0.0,0.0,0.0,0.0,1.0
0.17475941202482498,-0.5167749044806024,-0.6827069959819174,1.0,0.0,0.0,0.0,1.0,1.0,0.0,1.0,0.0,0.0,0.0,0.0,0.0
-0.902601452707387,-0.5167749044806024,-0.44984027952181066,0.0,1.0,1.0,0.0,1.0,1.0,0.0,1.0,0.0,0.0,0.0,0.0,1.0
0.32467608335279136,-0.5167749044806024,0.4234099072035891,0.0,0.0,0.0,1.0,1.0,0.0,0.0,0.0,1.0,0.0,0.0,0.0,0.0
0.5225509845514174,-1.2012449766403408,0.6562766236636954,1.0,0.0,0.0,0.0,1.0,1.0,0.0,0.0,1.0,0.0,0.0,0.0,1.0
-1.074420307755812,-0.8590099405604715,0.19054319074348233,0.0,1.0,1.0,0.0,1.0,1.0,0.0,1.0,0.0,0.0,0.0,0.0,0.0
0.8310696759240839,-0.5167749044806024,0.8309266610087758,0.0,0.0,0.0,1.0,0.0,0.0,0.0,0.0,1.0,0.0,0.0,0.0,0.0
1.408834177515491,-1.2012449766403408,0.598059944548669,0.0,1.0,1.0,0.0,0.0,0.0,1.0,0.0,0.0,0.0,0.0,1.0,0.0
-1.4195685132816591,-0.5167749044806024,1.4713101312740688,1.0,0.0,0.0,0.0,0.0,0.0,1.0,0.0,0.0,0.0,0.0,1.0,0.0
0.278983596625628,-0.8590099405604715,0.015893153398402464,1.0,0.0,0.0,0.0,1.0,1.0,0.0,0.0,0.0,0.0,1.0,0.0,1.0
-0.14961948135231132,-0.5167749044806024,1.6459601686191492,0.0,0.0,0.0,1.0,1.0,1.0,0.0,0.0,1.0,0.0,0.0,1.0,0.0
-0.1258291783456062,-0.8590099405604715,1.2966600939289885,0.0,0.0,0.0,1.0,1.0,0.0,0.0,1.0,0.0,0.0,0.0,0.0,0.0
-0.47626411787294337,-0.1745398684007332,0.4234099072035891,0.0,0.0,0.0,1.0,1.0,0.0,0.0,0.0,0.0,0.0,1.0,0.0,1.0
0.14870336587462435,1.5366353119986127,-0.9737903915570507,0.0,1.0,1.0,0.0,1.0,1.0,1.0,0.0,0.0,0.0,0.0,0.0,0.0
-1.550226367889912,-0.1745398684007332,-1.4977405035922904,0.0,0.0,0.0,1.0,1.0,1.0,0.0,0.0,1.0,0.0,0.0,0.0,0.0
-0.3452286394074413,0.16769516767913598,-1.5559571827073173,0.0,1.0,1.0,0.0,0.0,1.0,0.0,0.0,1.0,0.0,0.0,1.0,0.0
-1.1869522172160991,0.5099302037590051,1.4130934521590424,0.0,1.0,1.0,0.0,0.0,0.0,0.0,0.0,0.0,1.0,0.0,0.0,1.0
-0.38110290584612355,-1.54348001272021,1.6459601686191492,0.0,0.0,0.0,1.0,0.0,0.0,0.0,0.0,0.0,0.0,1.0,0.0,0.0
0.7374189593262609,-0.8590099405604715,-1.264873787132184,0.0,0.0,0.0,1.0,0.0,0.0,0.0,0.0,0.0,0.0,1.0,0.0,1.0
1.5530864909847177,-0.8590099405604715,-0.9737903915570507,1.0,0.0,0.0,0.0,0.0,1.0,0.0,0.0,0.0,0.0,1.0,0.0,0.0
-1.5426738907449262,-0.8590099405604715,1.0055766983538552,1.0,0.0,0.0,0.0,1.0,1.0,0.0,0.0,1.0,0.0,0.0,1.0,0.0
-0.13111591234709624,-0.8590099405604715,1.4713101312740688,0.0,0.0,0.0,1.0,1.0,1.0,0.0,1.0,0.0,0.0,0.0,1.0,0.0
-0.34031952926320075,1.1944002759187435,-0.9737903915570507,0.0,1.0,1.0,0.0,1.0,0.0,0.0,0.0,0.0,0.0,1.0,0.0,1.0
-0.7107685332247499,-0.1745398684007332,1.2966600939289885,0.0,1.0,1.0,0.0,1.0,0.0,1.0,0.0,0.0,0.0,0.0,0.0,0.0
0.553138516988609,-1.2012449766403408,1.5295268103890953,0.0,0.0,0.0,1.0,0.0,0.0,0.0,0.0,0.0,1.0,0.0,0.0,1.0
1.0349865588386977,-1.54348001272021,-0.33340692129175725,0.0,1.0,1.0,0.0,1.0,1.0,0.0,0.0,0.0,0.0,0.0,0.0,1.0
0.3518650010747399,-1.54348001272021,-1.439523824477264,0.0,1.0,1.0,0.0,1.0,0.0,1.0,0.0,0.0,0.0,0.0,1.0,0.0
0.8265381896370922,1.5366353119986127,-0.04232352571662398,0.0,1.0,1.0,0.0,1.0,1.0,0.0,1.0,0.0,0.0,0.0,0.0,1.0
-0.04388480132251142,0.16769516767913598,0.4816265863186156,1.0,0.0,0.0,0.0,1.0,0.0,0.0,0.0,0.0,0.0,1.0,0.0,1.0
-0.14282225192182418,0.5099302037590051,-1.439523824477264,0.0,1.0,1.0,0.0,0.0,0.0,1.0,0.0,0.0,0.0,0.0,0.0,0.0
-0.9033567004218855,-0.5167749044806024,0.9473600192388287,1.0,0.0,0.0,0.0,1.0,1.0,0.0,0.0,0.0,1.0,0.0,0.0,0.0
-0.07636045304594996,0.5099302037590051,-1.0320070706720772,0.0,0.0,0.0,1.0,0.0,0.0,1.0,0.0,0.0,0.0,0.0,0.0,1.0
-0.22212326194417423,-0.5167749044806024,-0.33340692129175725,0.0,1.0,1.0,0.0,0.0,0.0,0.0,1.0,0.0,0.0,0.0,1.0,0.0
-0.9464058201483042,-1.54348001272021,-1.0320070706720772,0.0,0.0,0.0,1.0,1.0,1.0,1.0,0.0,0.0,0.0,0.0,0.0,1.0
0.08375206242774724,-1.2012449766403408,1.122010056583909,1.0,0.0,0.0,0.0,0.0,1.0,0.0,1.0,0.0,0.0,0.0,0.0,1.0
-1.0087137565944362,-1.54348001272021,-0.44984027952181066,0.0,0.0,0.0,1.0,1.0,0.0,0.0,0.0,0.0,0.0,0.0,1.0,0.0
1.6350308680078127,1.1944002759187435,-0.1587568839466774,0.0,1.0,1.0,0.0,0.0,0.0,0.0,1.0,0.0,0.0,0.0,0.0,0.0
1.4178971500894735,-0.8590099405604715,0.13232651162845588,1.0,0.0,0.0,0.0,0.0,1.0,1.0,0.0,0.0,0.0,0.0,0.0,0.0
0.9537974295301017,-1.54348001272021,1.1802267356989355,0.0,1.0,1.0,0.0,0.0,1.0,0.0,0.0,0.0,0.0,1.0,1.0,0.0
0.44476046995806445,1.5366353119986127,-1.6141738618223438,0.0,0.0,0.0,1.0,0.0,1.0,0.0,1.0,0.0,0.0,0.0,0.0,1.0
-0.6401528719191335,1.1944002759187435,-1.6141738618223438,0.0,0.0,0.0,1.0,0.0,0.0,0.0,0.0,0.0,0.0,1.0,0.0,1.0
0.6392367564414463,0.16769516767913598,-0.04232352571662398,1.0,0.0,0.0,0.0,0.0,1.0,0.0,0.0,0.0,0.0,1.0,0.0,0.0
1.2173788818901028,-0.1745398684007332,-1.4977405035922904,0.0,1.0,1.0,0.0,0.0,1.0,0.0,0.0,0.0,0.0,0.0,0.0,1.0
1.6184154182888444,0.16769516767913598,-1.7306072200523972,0.0,0.0,0.0,1.0,0.0,1.0,0.0,1.0,0.0,0.0,0.0,1.0,0.0
-0.461159163582972,0.16769516767913598,0.8891433401238023,0.0,1.0,1.0,0.0,0.0,0.0,1.0,0.0,0.0,0.0,0.0,0.0,1.0
0.6044953615745124,-0.8590099405604715,1.2966600939289885,0.0,0.0,0.0,1.0,1.0,0.0,0.0,1.0,0.0,0.0,0.0,1.0,0.0
1.3570997090723385,-1.54348001272021,1.6459601686191492,0.0,0.0,0.0,1.0,0.0,0.0,0.0,1.0,0.0,0.0,0.0,0.0,0.0
1.469631618532626,0.5099302037590051,-1.206657108017157,1.0,0.0,0.0,0.0,0.0,0.0,0.0,0.0,0.0,1.0,0.0,1.0,0.0
1.0414061644119357,1.5366353119986127,-1.4977405035922904,1.0,0.0,0.0,0.0,1.0,0.0,1.0,0.0,0.0,0.0,0.0,1.0,0.0
1.347281488783857,-1.54348001272021,-0.10054020483165095,1.0,0.0,0.0,0.0,0.0,1.0,1.0,0.0,0.0,0.0,0.0,0.0,0.0
0.8763845387939977,-1.2012449766403408,1.238443414813962,1.0,0.0,0.0,0.0,0.0,0.0,0.0,1.0,0.0,0.0,0.0,0.0,0.0
0.19628397188803426,-1.2012449766403408,1.0055766983538552,0.0,0.0,0.0,1.0,1.0,1.0,0.0,0.0,0.0,0.0,1.0,0.0,1.0
1.0161053659762336,1.5366353119986127,-1.1484404289021306,1.0,0.0,0.0,0.0,0.0,1.0,0.0,0.0,1.0,0.0,0.0,0.0,0.0
-0.08957728804967502,-0.8590099405604715,0.3069765489735357,0.0,0.0,0.0,1.0,0.0,1.0,0.0,0.0,0.0,1.0,0.0,0.0,1.0
-1.6457652037739814,-1.54348001272021,0.7144933027787219,0.0,0.0,0.0,1.0,1.0,0.0,1.0,0.0,0.0,0.0,0.0,1.0,0.0
0.3216550924947971,1.5366353119986127,-0.1587568839466774,0.0,0.0,0.0,1.0,1.0,1.0,0.0,0.0,0.0,0.0,1.0,1.0,0.0
0.8548599789307887,-0.8590099405604715,-0.9155737124420238,0.0,0.0,0.0,1.0,1.0,1.0,0.0,0.0,0.0,0.0,0.0,0.0,1.0
1.0610426049888984,-1.2012449766403408,0.015893153398402464,0.0,0.0,0.0,1.0,0.0,1.0,0.0,1.0,0.0,0.0,0.0,1.0,0.0
1.6625974095870109,-0.8590099405604715,-1.3230904662472105,1.0,0.0,0.0,0.0,1.0,1.0,0.0,0.0,0.0,1.0,0.0,0.0,1.0
0.9152797960906742,-0.8590099405604715,-1.1484404289021306,1.0,0.0,0.0,0.0,0.0,1.0,0.0,1.0,0.0,0.0,0.0,1.0,0.0
0.4077533319476343,1.5366353119986127,-1.1484404289021306,1.0,0.0,0.0,0.0,0.0,1.0,0.0,0.0,1.0,0.0,0.0,1.0,0.0
-1.0090913804516857,0.5099302037590051,-0.566273637751864,0.0,0.0,0.0,1.0,1.0,1.0,0.0,0.0,1.0,0.0,0.0,1.0,0.0
-0.35769022669666767,-1.54348001272021,-0.39162360040678423,0.0,1.0,1.0,0.0,1.0,0.0,0.0,0.0,0.0,0.0,0.0,0.0,0.0
-1.436561586857877,-0.1745398684007332,0.8891433401238023,1.0,0.0,0.0,0.0,0.0,0.0,0.0,1.0,0.0,0.0,0.0,0.0,0.0
-0.12280818748761199,-0.8590099405604715,0.3069765489735357,1.0,0.0,0.0,0.0,1.0,1.0,1.0,0.0,0.0,0.0,0.0,0.0,1.0
1.628233638577326,-0.8590099405604715,-0.33340692129175725,1.0,0.0,0.0,0.0,0.0,0.0,0.0,1.0,0.0,0.0,0.0,0.0,1.0
1.241546808754057,0.8521652398388743,-1.3230904662472105,0.0,1.0,1.0,0.0,0.0,0.0,0.0,0.0,0.0,0.0,0.0,0.0,1.0
-8.043388159413846e-05,-1.2012449766403408,-0.566273637751864,1.0,0.0,0.0,0.0,0.0,1.0,0.0,0.0,0.0,0.0,0.0,0.0,1.0
0.636215765583452,0.8521652398388743,-1.7306072200523972,0.0,1.0,1.0,0.0,0.0,0.0,0.0,1.0,0.0,0.0,0.0,1.0,0.0
-1.6472756992029782,-0.1745398684007332,-0.8573570333269973,0.0,1.0,1.0,0.0,0.0,1.0,0.0,0.0,0.0,0.0,0.0,0.0,1.0
-1.3712326595537505,1.1944002759187435,1.0055766983538552,0.0,0.0,0.0,1.0,0.0,1.0,0.0,0.0,0.0,1.0,0.0,0.0,1.0
0.5489846545588669,0.16769516767913598,0.24875986985850929,0.0,1.0,1.0,0.0,1.0,1.0,0.0,0.0,1.0,0.0,0.0,0.0,0.0
-0.8323634152590198,-1.54348001272021,-0.7991403542119708,1.0,0.0,0.0,0.0,0.0,1.0,1.0,0.0,0.0,0.0,0.0,0.0,0.0
-1.5173730923092241,-1.2012449766403408,-0.39162360040678423,0.0,1.0,1.0,0.0,0.0,0.0,0.0,0.0,0.0,0.0,1.0,0.0,0.0
-1.168071024353635,1.5366353119986127,0.07410983251342891,0.0,1.0,1.0,0.0,1.0,1.0,0.0,0.0,0.0,0.0,0.0,0.0,0.0
0.7547896567597278,-0.1745398684007332,0.4816265863186156,1.0,0.0,0.0,0.0,1.0,1.0,0.0,0.0,0.0,0.0,0.0,0.0,1.0
0.005206300119895883,0.16769516767913598,1.7041768477341757,1.0,0.0,0.0,0.0,1.0,0.0,0.0,0.0,1.0,0.0,0.0,0.0,0.0
0.6460339858719336,1.5366353119986127,0.19054319074348233,0.0,0.0,0.0,1.0,0.0,1.0,0.0,0.0,0.0,1.0,0.0,0.0,0.0
-0.6930202119340334,1.1944002759187435,-1.0902237497871041,1.0,0.0,0.0,0.0,0.0,1.0,0.0,0.0,0.0,0.0,1.0,0.0,1.0
0.17022792573783363,-0.5167749044806024,1.4130934521590424,1.0,0.0,0.0,0.0,0.0,1.0,1.0,0.0,0.0,0.0,0.0,1.0,0.0
-1.5098206151642384,-0.8590099405604715,-0.6827069959819174,0.0,0.0,0.0,1.0,1.0,0.0,0.0,0.0,0.0,0.0,0.0,1.0,0.0
1.6622197857297614,-1.54348001272021,0.598059944548669,0.0,1.0,1.0,0.0,1.0,0.0,0.0,0.0,0.0,0.0,0.0,1.0,0.0
1.226441854464086,-0.8590099405604715,0.5398432654336426,0.0,0.0,0.0,1.0,0.0,0.0,1.0,0.0,0.0,0.0,0.0,0.0,1.0
-1.0476090138911127,-0.1745398684007332,-0.6244903168668905,0.0,0.0,0.0,1.0,0.0,0.0,0.0,0.0,0.0,0.0,1.0,0.0,0.0
-0.00838815874107838,-1.54348001272021,-1.206657108017157,0.0,0.0,0.0,1.0,0.0,1.0,1.0,0.0,0.0,0.0,0.0,1.0,0.0
-0.4796627325881871,-0.8590099405604715,1.3548767730440159,1.0,0.0,0.0,0.0,1.0,0.0,0.0,0.0,0.0,0.0,1.0,0.0,0.0
-1.455065155863092,0.5099302037590051,0.5398432654336426,0.0,1.0,1.0,0.0,0.0,1.0,0.0,0.0,0.0,0.0,1.0,1.0,0.0
0.1162277141511858,0.16769516767913598,-0.6244903168668905,1.0,0.0,0.0,0.0,0.0,0.0,1.0,0.0,0.0,0.0,0.0,1.0,0.0
1.1867913494529105,1.5366353119986127,1.7041768477341757,0.0,1.0,1.0,0.0,0.0,0.0,0.0,1.0,0.0,0.0,0.0,1.0,0.0
1.6286112624345748,-1.2012449766403408,0.4234099072035891,0.0,1.0,1.0,0.0,1.0,0.0,0.0,0.0,0.0,0.0,1.0,0.0,0.0
-0.26592762938509124,-0.5167749044806024,0.3651932280885622,0.0,0.0,0.0,1.0,1.0,0.0,1.0,0.0,0.0,0.0,0.0,0.0,1.0
0.07808770456900802,-0.8590099405604715,0.4234099072035891,1.0,0.0,0.0,0.0,0.0,1.0,0.0,1.0,0.0,0.0,0.0,0.0,1.0
-1.4237223757114013,-0.5167749044806024,-0.33340692129175725,1.0,0.0,0.0,0.0,1.0,0.0,0.0,0.0,1.0,0.0,0.0,0.0,1.0
-0.3006690242520256,0.16769516767913598,-1.4977405035922904,0.0,1.0,1.0,0.0,0.0,0.0,0.0,0.0,1.0,0.0,0.0,0.0,1.0
-0.5684043390417692,-1.2012449766403408,-1.6723905409373707,1.0,0.0,0.0,0.0,1.0,0.0,0.0,0.0,0.0,0.0,1.0,1.0,0.0
0.013891648836629335,1.5366353119986127,-1.4977405035922904,0.0,0.0,0.0,1.0,0.0,1.0,1.0,0.0,0.0,0.0,0.0,0.0,1.0
1.424694379519961,-1.2012449766403408,-0.8573570333269973,1.0,0.0,0.0,0.0,0.0,1.0,0.0,1.0,0.0,0.0,0.0,0.0,0.0
0.6698242888786385,-0.8590099405604715,-1.7306072200523972,1.0,0.0,0.0,0.0,1.0,0.0,0.0,0.0,1.0,0.0,0.0,0.0,1.0
-0.8319857914017705,0.8521652398388743,1.3548767730440159,0.0,1.0,1.0,0.0,1.0,1.0,0.0,0.0,1.0,0.0,0.0,1.0,0.0
-0.3848791444186164,1.5366353119986127,-1.264873787132184,0.0,0.0,0.0,1.0,1.0,0.0,0.0,0.0,0.0,0.0,0.0,1.0,0.0
1.0610426049888984,-1.2012449766403408,-1.3813071453622374,1.0,0.0,0.0,0.0,0.0,1.0,1.0,0.0,0.0,0.0,0.0,0.0,0.0
0.317501230065055,0.5099302037590051,0.19054319074348233,1.0,0.0,0.0,0.0,0.0,0.0,0.0,0.0,0.0,0.0,1.0,1.0,0.0
0.6720900320221342,-0.5167749044806024,-0.566273637751864,0.0,0.0,0.0,1.0,0.0,0.0,0.0,1.0,0.0,0.0,0.0,0.0,0.0
0.12378019129617161,1.5366353119986127,0.6562766236636954,0.0,1.0,1.0,0.0,1.0,1.0,0.0,0.0,1.0,0.0,0.0,0.0,1.0
-0.27083673952933207,0.16769516767913598,1.4130934521590424,0.0,0.0,0.0,1.0,0.0,1.0,0.0,1.0,0.0,0.0,0.0,0.0,1.0
-0.6114534587681879,-1.54348001272021,-0.2751902421767308,1.0,0.0,0.0,0.0,0.0,0.0,0.0,0.0,0.0,0.0,0.0,0.0,0.0
-0.7878038001036041,-1.54348001272021,0.015893153398402464,1.0,0.0,0.0,0.0,1.0,0.0,0.0,0.0,0.0,0.0,1.0,1.0,0.0
-0.2398715832348906,0.16769516767913598,0.07410983251342891,0.0,1.0,1.0,0.0,1.0,0.0,1.0,0.0,0.0,0.0,0.0,0.0,1.0
-1.291176401816902,-1.2012449766403408,-0.21697356306170434,0.0,0.0,0.0,1.0,0.0,1.0,1.0,0.0,0.0,0.0,0.0,0.0,1.0
-1.2307565846570163,0.16769516767913598,-1.206657108017157,1.0,0.0,0.0,0.0,0.0,0.0,0.0,0.0,0.0,0.0,1.0,0.0,1.0
-0.24817930809437486,-1.2012449766403408,-0.33340692129175725,1.0,0.0,0.0,0.0,0.0,0.0,0.0,0.0,0.0,1.0,0.0,1.0,0.0
0.3458230193587514,-1.2012449766403408,0.598059944548669,1.0,0.0,0.0,0.0,0.0,0.0,0.0,0.0,0.0,0.0,1.0,1.0,0.0
0.2978647894880923,1.5366353119986127,-1.5559571827073173,0.0,0.0,0.0,1.0,0.0,1.0,0.0,0.0,0.0,1.0,0.0,0.0,0.0
0.6498102244444263,-1.2012449766403408,-0.5080569586368376,0.0,1.0,1.0,0.0,0.0,1.0,0.0,0.0,0.0,0.0,1.0,0.0,0.0
0.4315436349543391,-0.8590099405604715,0.3069765489735357,0.0,0.0,0.0,1.0,1.0,0.0,0.0,1.0,0.0,0.0,0.0,0.0,0.0
0.5482294068443685,1.1944002759187435,-0.1587568839466774,0.0,1.0,1.0,0.0,0.0,0.0,0.0,0.0,0.0,0.0,1.0,0.0,0.0
-0.023870736888299233,0.5099302037590051,-1.0320070706720772,0.0,1.0,1.0,0.0,0.0,1.0,0.0,1.0,0.0,0.0,0.0,0.0,1.0
-0.26592762938509124,1.5366353119986127,1.0637933774688826,0.0,0.0,0.0,1.0,0.0,1.0,0.0,0.0,1.0,0.0,0.0,0.0,0.0
0.6686914173068906,0.5099302037590051,1.4713101312740688,0.0,1.0,1.0,0.0,0.0,0.0,1.0,0.0,0.0,0.0,0.0,0.0,0.0
-0.11601095805712486,1.1944002759187435,0.3651932280885622,0.0,1.0,1.0,0.0,1.0,0.0,0.0,1.0,0.0,0.0,0.0,0.0,0.0
1.1969871935986416,-0.1745398684007332,-0.21697356306170434,0.0,0.0,0.0,1.0,0.0,0.0,0.0,0.0,0.0,1.0,0.0,0.0,0.0
-1.081217537186299,-0.5167749044806024,-0.04232352571662398,0.0,0.0,0.0,1.0,0.0,0.0,0.0,0.0,0.0,0.0,1.0,0.0,1.0
0.24613032104493998,-0.5167749044806024,-1.5559571827073173,1.0,0.0,0.0,0.0,1.0,1.0,0.0,0.0,0.0,1.0,0.0,0.0,1.0
0.5251943515521621,1.1944002759187435,0.4816265863186156,0.0,0.0,0.0,1.0,0.0,1.0,0.0,0.0,0.0,0.0,0.0,1.0,0.0
1.5795201609921679,1.5366353119986127,0.598059944548669,0.0,1.0,1.0,0.0,1.0,1.0,0.0,0.0,0.0,1.0,0.0,0.0,1.0
0.1789132744545671,0.8521652398388743,1.5295268103890953,0.0,1.0,1.0,0.0,1.0,0.0,1.0,0.0,0.0,0.0,0.0,0.0,1.0
-0.8818321405586763,-0.8590099405604715,-1.5559571827073173,1.0,0.0,0.0,0.0,1.0,1.0,0.0,1.0,0.0,0.0,0.0,1.0,0.0
-1.3557500814065298,1.5366353119986127,-1.1484404289021306,1.0,0.0,0.0,0.0,0.0,0.0,1.0,0.0,0.0,0.0,0.0,1.0,0.0
0.9364267320966343,1.1944002759187435,1.2966600939289885,1.0,0.0,0.0,0.0,0.0,1.0,0.0,0.0,1.0,0.0,0.0,0.0,0.0
1.2355048270380686,1.1944002759187435,-0.39162360040678423,1.0,0.0,0.0,0.0,0.0,0.0,0.0,0.0,0.0,1.0,0.0,0.0,0.0
0.6078939762897556,0.5099302037590051,1.122010056583909,1.0,0.0,0.0,0.0,1.0,1.0,0.0,0.0,1.0,0.0,0.0,0.0,0.0
-0.4785298610164392,-0.5167749044806024,0.3651932280885622,1.0,0.0,0.0,0.0,1.0,0.0,0.0,0.0,0.0,0.0,0.0,0.0,1.0
0.5025369201172052,-1.54348001272021,-1.264873787132184,0.0,1.0,1.0,0.0,0.0,1.0,0.0,1.0,0.0,0.0,0.0,0.0,0.0
-1.5124639821649835,0.8521652398388743,1.238443414813962,0.0,1.0,1.0,0.0,1.0,1.0,1.0,0.0,0.0,0.0,0.0,0.0,1.0
-1.1318191340577035,-0.8590099405604715,-0.5080569586368376,0.0,0.0,0.0,1.0,1.0,1.0,0.0,0.0,0.0,0.0,1.0,0.0,1.0
0.9420910899553737,0.16769516767913598,1.238443414813962,0.0,0.0,0.0,1.0,0.0,1.0,0.0,1.0,0.0,0.0,0.0,0.0,0.0
0.7498805466154872,-0.5167749044806024,0.7727099818937494,0.0,1.0,1.0,0.0,0.0,0.0,0.0,0.0,0.0,1.0,0.0,0.0,1.0
0.829181556637837,1.1944002759187435,0.13232651162845588,0.0,1.0,1.0,0.0,1.0,0.0,0.0,0.0,0.0,0.0,0.0,0.0,1.0
-1.579303404898107,1.1944002759187435,-0.566273637751864,0.0,1.0,1.0,0.0,1.0,0.0,0.0,0.0,1.0,0.0,0.0,0.0,1.0
1.6248350238620823,0.8521652398388743,0.8891433401238023,0.0,1.0,1.0,0.0,0.0,1.0,1.0,0.0,0.0,0.0,0.0,0.0,1.0
-0.7549505245229163,-0.1745398684007332,-0.21697356306170434,0.0,0.0,0.0,1.0,1.0,0.0,0.0,0.0,1.0,0.0,0.0,1.0,0.0
0.5961876367150276,0.5099302037590051,-1.439523824477264,0.0,0.0,0.0,1.0,0.0,0.0,1.0,0.0,0.0,0.0,0.0,0.0,1.0
-1.6514295616327206,-0.8590099405604715,0.6562766236636954,0.0,0.0,0.0,1.0,0.0,1.0,0.0,0.0,0.0,0.0,0.0,1.0,0.0
-0.3886553829911091,-0.8590099405604715,0.13232651162845588,0.0,0.0,0.0,1.0,1.0,1.0,1.0,0.0,0.0,0.0,0.0,1.0,0.0
-1.4422259447166164,0.16769516767913598,-0.5080569586368376,1.0,0.0,0.0,0.0,0.0,0.0,1.0,0.0,0.0,0.0,0.0,1.0,0.0
-1.1371058680591934,0.5099302037590051,0.07410983251342891,1.0,0.0,0.0,0.0,1.0,0.0,1.0,0.0,0.0,0.0,0.0,0.0,0.0
1.3200925710619085,1.1944002759187435,-1.0902237497871041,0.0,1.0,1.0,0.0,0.0,0.0,0.0,0.0,0.0,0.0,1.0,0.0,0.0
-0.43623598900451926,-0.8590099405604715,0.5398432654336426,1.0,0.0,0.0,0.0,1.0,1.0,0.0,0.0,0.0,1.0,0.0,1.0,0.0
-0.7137895240827441,0.5099302037590051,0.24875986985850929,0.0,1.0,1.0,0.0,0.0,0.0,0.0,1.0,0.0,0.0,0.0,0.0,0.0
-1.220938364368535,-0.5167749044806024,0.24875986985850929,1.0,0.0,0.0,0.0,0.0,1.0,0.0,1.0,0.0,0.0,0.0,0.0,1.0
-1.0260844540279035,0.8521652398388743,-0.21697356306170434,0.0,1.0,1.0,0.0,0.0,0.0,0.0,0.0,1.0,0.0,0.0,0.0,0.0
-0.003856672454087049,-0.8590099405604715,-0.6244903168668905,0.0,1.0,1.0,0.0,0.0,1.0,0.0,0.0,0.0,1.0,0.0,1.0,0.0
0.5312363332681506,1.5366353119986127,1.122010056583909,1.0,0.0,0.0,0.0,1.0,1.0,0.0,0.0,0.0,0.0,1.0,1.0,0.0
1.5704571884181853,-0.5167749044806024,-0.10054020483165095,0.0,1.0,1.0,0.0,1.0,1.0,1.0,0.0,0.0,0.0,0.0,0.0,1.0
-0.1318711600615949,0.5099302037590051,1.3548767730440159,1.0,0.0,0.0,0.0,0.0,0.0,0.0,0.0,0.0,1.0,0.0,0.0,0.0
-1.259455997807962,-0.5167749044806024,-1.4977405035922904,0.0,0.0,0.0,1.0,0.0,0.0,1.0,0.0,0.0,0.0,0.0,1.0,0.0
0.012381153407632225,-0.8590099405604715,-1.264873787132184,0.0,0.0,0.0,1.0,1.0,1.0,0.0,0.0,1.0,0.0,0.0,0.0,1.0
-1.358393448407275,-1.54348001272021,1.4713101312740688,0.0,0.0,0.0,1.0,0.0,1.0,1.0,0.0,0.0,0.0,0.0,0.0,1.0
0.763097381619212,0.5099302037590051,1.122010056583909,1.0,0.0,0.0,0.0,1.0,1.0,0.0,0.0,0.0,0.0,0.0,0.0,1.0
-0.07371708604520495,-1.54348001272021,-0.33340692129175725,1.0,0.0,0.0,0.0,0.0,1.0,0.0,1.0,0.0,0.0,0.0,0.0,1.0
0.9923150629695286,1.5366353119986127,-0.566273637751864,0.0,1.0,1.0,0.0,0.0,1.0,0.0,0.0,1.0,0.0,0.0,1.0,0.0
0.9639932736758323,0.5099302037590051,0.6562766236636954,0.0,1.0,1.0,0.0,0.0,0.0,0.0,0.0,0.0,1.0,0.0,1.0,0.0
0.116605338008435,1.5366353119986127,1.1802267356989355,0.0,1.0,1.0,0.0,1.0,1.0,0.0,0.0,0.0,0.0,0.0,0.0,1.0
1.3552115897860921,0.8521652398388743,-0.566273637751864,1.0,0.0,0.0,0.0,0.0,1.0,0.0,0.0,0.0,0.0,0.0,0.0,1.0
1.4458413155259204,1.1944002759187435,1.6459601686191492,0.0,0.0,0.0,1.0,1.0,1.0,0.0,0.0,0.0,1.0,0.0,0.0,0.0
-0.0023461770250899384,0.5099302037590051,0.8891433401238023,0.0,1.0,1.0,0.0,1.0,1.0,0.0,0.0,0.0,1.0,0.0,0.0,0.0
1.101070733857323,-1.54348001272021,1.0637933774688826,0.0,1.0,1.0,0.0,1.0,1.0,0.0,1.0,0.0,0.0,0.0,0.0,1.0
0.6026072422882656,-1.2012449766403408,1.0637933774688826,0.0,0.0,0.0,1.0,0.0,0.0,0.0,0.0,0.0,0.0,1.0,0.0,1.0
-0.6790481292158099,-1.2012449766403408,1.4713101312740688,0.0,0.0,0.0,1.0,0.0,1.0,0.0,0.0,0.0,1.0,0.0,0.0,1.0
-0.9063776912798798,0.8521652398388743,-0.7991403542119708,0.0,1.0,1.0,0.0,0.0,0.0,0.0,0.0,0.0,0.0,1.0,1.0,0.0
-0.6514815876366119,-1.54348001272021,0.9473600192388287,0.0,1.0,1.0,0.0,0.0,0.0,0.0,1.0,0.0,0.0,0.0,0.0,0.0
0.3609279736487231,1.5366353119986127,-1.0320070706720772,1.0,0.0,0.0,0.0,0.0,1.0,1.0,0.0,0.0,0.0,0.0,1.0,0.0
-1.7046745255048699,-0.1745398684007332,-0.6827069959819174,0.0,1.0,1.0,0.0,0.0,0.0,0.0,0.0,0.0,1.0,0.0,1.0,0.0
-1.6382127266289956,1.1944002759187435,0.598059944548669,1.0,0.0,0.0,0.0,0.0,0.0,0.0,0.0,0.0,1.0,0.0,1.0,0.0
0.9651261452475802,0.5099302037590051,1.1802267356989355,0.0,1.0,1.0,0.0,0.0,1.0,0.0,0.0,1.0,0.0,0.0,0.0,0.0
-1.259455997807962,-0.5167749044806024,-1.6723905409373707,1.0,0.0,0.0,0.0,0.0,0.0,1.0,0.0,0.0,0.0,0.0,0.0,1.0
-1.0721545646123163,-0.1745398684007332,0.9473600192388287,0.0,0.0,0.0,1.0,1.0,0.0,0.0,1.0,0.0,0.0,0.0,1.0,0.0
-1.444491687860112,1.5366353119986127,0.015893153398402464,0.0,0.0,0.0,1.0,0.0,0.0,0.0,0.0,0.0,0.0,0.0,0.0,1.0
0.664915178734398,-0.1745398684007332,0.8309266610087758,1.0,0.0,0.0,0.0,1.0,1.0,0.0,0.0,0.0,1.0,0.0,0.0,1.0
1.1025812292863202,-0.8590099405604715,0.24875986985850929,0.0,1.0,1.0,0.0,0.0,0.0,1.0,0.0,0.0,0.0,0.0,0.0,1.0
1.571590059989933,0.8521652398388743,-0.44984027952181066,0.0,0.0,0.0,1.0,1.0,0.0,1.0,0.0,0.0,0.0,0.0,1.0,0.0
-0.7526847813794205,0.8521652398388743,-1.206657108017157,1.0,0.0,0.0,0.0,0.0,0.0,0.0,0.0,0.0,0.0,0.0,0.0,1.0
1.5425130229817376,0.16769516767913598,-1.439523824477264,0.0,0.0,0.0,1.0,1.0,0.0,0.0,0.0,0.0,1.0,0.0,0.0,0.0
-1.3904914762734641,1.5366353119986127,-0.7991403542119708,0.0,0.0,0.0,1.0,0.0,1.0,0.0,1.0,0.0,0.0,0.0,0.0,1.0
-0.010653901884574182,-0.5167749044806024,0.598059944548669,0.0,0.0,0.0,1.0,1.0,0.0,0.0,1.0,0.0,0.0,0.0,0.0,1.0
0.812943730776118,1.5366353119986127,-0.7991403542119708,1.0,0.0,0.0,0.0,0.0,0.0,0.0,1.0,0.0,0.0,0.0,1.0,0.0
0.6214884351507298,1.5366353119986127,-1.6141738618223438,1.0,0.0,0.0,0.0,1.0,1.0,0.0,0.0,0.0,0.0,0.0,1.0,0.0
0.30994875292006946,0.8521652398388743,1.7041768477341757,0.0,0.0,0.0,1.0,0.0,0.0,1.0,0.0,0.0,0.0,0.0,0.0,1.0
-1.6986325437888814,-0.1745398684007332,0.3651932280885622,0.0,0.0,0.0,1.0,0.0,0.0,0.0,0.0,1.0,0.0,0.0,0.0,1.0
-0.00650003945483206,-0.5167749044806024,-0.21697356306170434,0.0,0.0,0.0,1.0,0.0,1.0,0.0,0.0,1.0,0.0,0.0,1.0,0.0
1.5024848941133133,0.8521652398388743,-1.3230904662472105,1.0,0.0,0.0,0.0,1.0,0.0,0.0,0.0,0.0,1.0,0.0,0.0,1.0
0.7698946110496994,-0.8590099405604715,1.6459601686191492,0.0,1.0,1.0,0.0,1.0,0.0,1.0,0.0,0.0,0.0,0.0,1.0,0.0
-1.5853453866140956,0.16769516767913598,-0.39162360040678423,1.0,0.0,0.0,0.0,1.0,1.0,0.0,0.0,0.0,0.0,1.0,0.0,0.0
1.5092821235438008,-0.5167749044806024,0.5398432654336426,1.0,0.0,0.0,0.0,1.0,0.0,0.0,0.0,0.0,0.0,0.0,0.0,0.0
-1.6706883783524342,0.16769516767913598,0.4234099072035891,0.0,0.0,0.0,1.0,1.0,0.0,0.0,0.0,0.0,1.0,0.0,0.0,0.0
1.505505884971308,-0.5167749044806024,-1.439523824477264,1.0,0.0,0.0,0.0,0.0,0.0,0.0,0.0,0.0,0.0,1.0,0.0,1.0
1.1403436150112487,0.5099302037590051,0.598059944548669,0.0,1.0,1.0,0.0,0.0,0.0,0.0,0.0,1.0,0.0,0.0,1.0,0.0
0.46515215824952555,0.5099302037590051,-0.7409236750969439,0.0,1.0,1.0,0.0,0.0,0.0,0.0,0.0,0.0,0.0,1.0,0.0,1.0
-0.12280818748761199,-1.54348001272021,-0.39162360040678423,0.0,1.0,1.0,0.0,1.0,0.0,0.0,1.0,0.0,0.0,0.0,1.0,0.0
0.3767881756531931,-1.2012449766403408,-0.566273637751864,0.0,1.0,1.0,0.0,0.0,1.0,0.0,1.0,0.0,0.0,0.0,0.0,0.0
-1.012489995166929,-0.1745398684007332,0.598059944548669,1.0,0.0,0.0,0.0,1.0,0.0,0.0,1.0,0.0,0.0,0.0,1.0,0.0
0.36394896450671727,0.5099302037590051,-1.6141738618223438,0.0,1.0,1.0,0.0,0.0,1.0,0.0,0.0,1.0,0.0,0.0,1.0,0.0
1.423939131805462,-1.54348001272021,1.5295268103890953,1.0,0.0,0.0,0.0,1.0,1.0,0.0,0.0,0.0,0.0,1.0,0.0,0.0
-1.1488122076339213,-0.1745398684007332,-0.5080569586368376,0.0,1.0,1.0,0.0,0.0,1.0,0.0,0.0,0.0,0.0,1.0,0.0,0.0
1.215868386461106,1.1944002759187435,-0.7991403542119708,1.0,0.0,0.0,0.0,0.0,1.0,0.0,0.0,0.0,0.0,0.0,0.0,1.0
-1.2790924383849247,0.8521652398388743,0.7727099818937494,0.0,1.0,1.0,0.0,1.0,1.0,0.0,0.0,1.0,0.0,0.0,0.0,0.0
1.4760512241058639,-0.5167749044806024,0.4816265863186156,0.0,0.0,0.0,1.0,1.0,0.0,0.0,0.0,0.0,0.0,1.0,0.0,1.0
-0.9460281962910548,-1.54348001272021,-1.6723905409373707,0.0,0.0,0.0,1.0,0.0,0.0,1.0,0.0,0.0,0.0,0.0,1.0,0.0
-0.4403898514342614,0.8521652398388743,1.0637933774688826,0.0,1.0,1.0,0.0,1.0,0.0,0.0,0.0,0.0,1.0,0.0,0.0,0.0
-1.7186466082230933,-0.1745398684007332,-1.6723905409373707,0.0,1.0,1.0,0.0,0.0,0.0,0.0,0.0,1.0,0.0,0.0,0.0,1.0
0.714006280176805,0.5099302037590051,1.1802267356989355,0.0,0.0,0.0,1.0,1.0,1.0,0.0,0.0,0.0,0.0,0.0,1.0,0.0
0.6124254625767472,0.8521652398388743,-0.8573570333269973,0.0,1.0,1.0,0.0,1.0,1.0,0.0,0.0,0.0,0.0,0.0,0.0,1.0
-1.6873038280714026,-0.1745398684007332,1.3548767730440159,0.0,1.0,1.0,0.0,1.0,0.0,0.0,0.0,1.0,0.0,0.0,1.0,0.0
0.18117901759806287,-0.8590099405604715,-0.7991403542119708,0.0,1.0,1.0,0.0,0.0,1.0,0.0,0.0,1.0,0.0,0.0,1.0,0.0
0.12226969586717423,0.5099302037590051,1.5877434895041216,0.0,0.0,0.0,1.0,1.0,1.0,0.0,0.0,0.0,0.0,1.0,0.0,1.0
-0.3497601256944329,-1.54348001272021,-1.7306072200523972,0.0,0.0,0.0,1.0,1.0,1.0,1.0,0.0,0.0,0.0,0.0,1.0,0.0
0.4862990942554857,-0.5167749044806024,1.2966600939289885,0.0,1.0,1.0,0.0,0.0,1.0,0.0,0.0,1.0,0.0,0.0,1.0,0.0
1.5746110508479274,1.5366353119986127,-1.206657108017157,1.0,0.0,0.0,0.0,1.0,0.0,0.0,0.0,0.0,1.0,0.0,1.0,0.0
1.3944844709400177,0.5099302037590051,1.3548767730440159,0.0,0.0,0.0,1.0,0.0,1.0,0.0,0.0,0.0,0.0,0.0,1.0,0.0
-0.3422076485494471,-1.2012449766403408,-0.21697356306170434,0.0,0.0,0.0,1.0,1.0,0.0,0.0,0.0,0.0,0.0,0.0,1.0,0.0
-1.0759308031848092,-1.2012449766403408,-1.5559571827073173,1.0,0.0,0.0,0.0,1.0,1.0,1.0,0.0,0.0,0.0,0.0,0.0,1.0
0.19628397188803426,-1.54348001272021,-0.8573570333269973,0.0,1.0,1.0,0.0,0.0,0.0,0.0,0.0,0.0,1.0,0.0,0.0,0.0
-1.177511620784867,1.5366353119986127,0.6562766236636954,0.0,0.0,0.0,1.0,0.0,0.0,0.0,0.0,0.0,0.0,1.0,0.0,0.0
1.4012817003705051,-1.54348001272021,1.6459601686191492,1.0,0.0,0.0,0.0,1.0,1.0,0.0,0.0,1.0,0.0,0.0,1.0,0.0
1.17130877130569,-0.1745398684007332,1.4130934521590424,0.0,1.0,1.0,0.0,0.0,1.0,0.0,0.0,0.0,1.0,0.0,0.0,1.0
-1.2333999516577614,0.16769516767913598,0.5398432654336426,1.0,0.0,0.0,0.0,1.0,1.0,0.0,0.0,0.0,0.0,1.0,0.0,1.0
-0.9618883982955249,0.8521652398388743,-1.0902237497871041,0.0,1.0,1.0,0.0,0.0,0.0,0.0,0.0,0.0,0.0,0.0,0.0,1.0
0.44249472681456864,0.5099302037590051,-0.04232352571662398,0.0,1.0,1.0,0.0,0.0,1.0,1.0,0.0,0.0,0.0,0.0,0.0,1.0
-0.2534660420958649,1.1944002759187435,0.598059944548669,0.0,0.0,0.0,1.0,0.0,0.0,1.0,0.0,0.0,0.0,0.0,0.0,0.0
0.752146289758983,1.1944002759187435,0.598059944548669,1.0,0.0,0.0,0.0,0.0,0.0,0.0,0.0,0.0,0.0,0.0,0.0,0.0
0.8231395749218485,-0.5167749044806024,-1.6141738618223438,0.0,0.0,0.0,1.0,1.0,0.0,0.0,0.0,0.0,1.0,0.0,0.0,0.0
1.4163866546604766,-1.2012449766403408,0.8891433401238023,0.0,0.0,0.0,1.0,1.0,0.0,0.0,0.0,0.0,0.0,1.0,1.0,0.0
-0.20550781222520573,-0.5167749044806024,1.1802267356989355,0.0,0.0,0.0,1.0,1.0,0.0,0.0,0.0,0.0,0.0,0.0,0.0,0.0
-1.4320301005708855,-1.54348001272021,0.9473600192388287,1.0,0.0,0.0,0.0,1.0,0.0,0.0,0.0,1.0,0.0,0.0,0.0,0.0
0.24575269718769077,1.5366353119986127,-0.566273637751864,0.0,1.0,1.0,0.0,1.0,0.0,1.0,0.0,0.0,0.0,0.0,0.0,1.0
-1.6963668006453856,0.8521652398388743,-0.44984027952181066,1.0,0.0,0.0,0.0,1.0,1.0,0.0,0.0,1.0,0.0,0.0,0.0,1.0
-0.5819987979027436,1.5366353119986127,-1.1484404289021306,0.0,0.0,0.0,1.0,1.0,0.0,0.0,0.0,0.0,0.0,0.0,1.0,0.0
0.35110975336024147,-0.1745398684007332,-0.2751902421767308,0.0,1.0,1.0,0.0,0.0,0.0,0.0,0.0,0.0,0.0,1.0,1.0,0.0
1.4907785545385859,-1.54348001272021,-0.566273637751864,0.0,0.0,0.0,1.0,1.0,1.0,0.0,0.0,0.0,0.0,0.0,0.0,0.0
-0.2663052532423407,0.8521652398388743,-1.1484404289021306,0.0,0.0,0.0,1.0,0.0,0.0,0.0,0.0,0.0,0.0,0.0,0.0,0.0
-0.09297590276491845,0.8521652398388743,-1.1484404289021306,1.0,0.0,0.0,0.0,1.0,0.0,0.0,1.0,0.0,0.0,0.0,0.0,1.0
-0.38638963984761354,0.5099302037590051,1.2966600939289885,0.0,1.0,1.0,0.0,1.0,0.0,1.0,0.0,0.0,0.0,0.0,0.0,0.0
-0.8229228188277876,0.8521652398388743,1.5295268103890953,0.0,0.0,0.0,1.0,1.0,1.0,0.0,1.0,0.0,0.0,0.0,0.0,1.0
1.5289185641207634,-0.5167749044806024,0.8309266610087758,1.0,0.0,0.0,0.0,0.0,1.0,0.0,0.0,1.0,0.0,0.0,1.0,0.0
-0.32143833640073644,-0.1745398684007332,-0.566273637751864,1.0,0.0,0.0,0.0,0.0,1.0,0.0,1.0,0.0,0.0,0.0,1.0,0.0
-0.1050598661968956,-0.5167749044806024,-0.1587568839466774,1.0,0.0,0.0,0.0,1.0,1.0,0.0,0.0,0.0,0.0,0.0,0.0,1.0
-0.3018018958237735,-1.2012449766403408,-1.6723905409373707,0.0,0.0,0.0,1.0,0.0,0.0,0.0,0.0,0.0,1.0,0.0,1.0,0.0
-1.718268984365844,-1.54348001272021,-0.6244903168668905,0.0,1.0,1.0,0.0,0.0,1.0,0.0,0.0,0.0,0.0,1.0,0.0,0.0
0.4923410759714741,-0.8590099405604715,1.0055766983538552,0.0,0.0,0.0,1.0,1.0,0.0,0.0,0.0,1.0,0.0,0.0,0.0,0.0
0.16645168716534073,0.5099302037590051,-1.439523824477264,1.0,0.0,0.0,0.0,0.0,0.0,0.0,0.0,0.0,0.0,1.0,1.0,0.0
-1.27116233738269,-0.5167749044806024,-0.21697356306170434,0.0,0.0,0.0,1.0,0.0,0.0,0.0,0.0,0.0,0.0,1.0,1.0,0.0
0.6207331874362314,1.1944002759187435,0.4234099072035891,1.0,0.0,0.0,0.0,0.0,0.0,0.0,0.0,1.0,0.0,0.0,1.0,0.0
-0.5434811644633163,-0.8590099405604715,0.8891433401238023,0.0,0.0,0.0,1.0,0.0,1.0,1.0,0.0,0.0,0.0,0.0,1.0,0.0
0.35035450564574305,1.5366353119986127,-1.0320070706720772,0.0,1.0,1.0,0.0,1.0,1.0,0.0,0.0,0.0,0.0,0.0,0.0,0.0
0.7004118213158307,1.5366353119986127,-1.5559571827073173,0.0,0.0,0.0,1.0,0.0,0.0,0.0,0.0,0.0,0.0,0.0,1.0,0.0
-1.7035416539331218,0.8521652398388743,0.3651932280885622,0.0,0.0,0.0,1.0,1.0,1.0,0.0,0.0,0.0,0.0,0.0,0.0,0.0
0.26048002762041295,-0.5167749044806024,1.4713101312740688,1.0,0.0,0.0,0.0,1.0,1.0,0.0,0.0,1.0,0.0,0.0,0.0,0.0
-1.654828176347964,0.8521652398388743,-1.6723905409373707,1.0,0.0,0.0,0.0,0.0,0.0,0.0,0.0,0.0,0.0,1.0,0.0,0.0
1.3453933694976106,-1.54348001272021,1.2966600939289885,0.0,0.0,0.0,1.0,0.0,1.0,0.0,0.0,1.0,0.0,0.0,0.0,1.0
-0.5642504766120271,0.5099302037590051,-0.9155737124420238,1.0,0.0,0.0,0.0,0.0,0.0,0.0,0.0,0.0,1.0,0.0,0.0,1.0
-0.1243186829166091,-1.54348001272021,-0.6827069959819174,0.0,0.0,0.0,1.0,1.0,1.0,1.0,0.0,0.0,0.0,0.0,0.0,0.0
-0.6469501013496206,-0.1745398684007332,-0.7991403542119708,0.0,0.0,0.0,1.0,0.0,1.0,1.0,0.0,0.0,0.0,0.0,0.0,1.0
-0.4169771722848055,0.16769516767913598,-1.0902237497871041,1.0,0.0,0.0,0.0,1.0,1.0,0.0,0.0,0.0,0.0,1.0,1.0,0.0
0.007472043263391414,1.5366353119986127,-0.6827069959819174,0.0,1.0,1.0,0.0,1.0,1.0,0.0,0.0,0.0,0.0,0.0,0.0,0.0
-0.998895536305955,0.16769516767913598,-1.1484404289021306,0.0,1.0,1.0,0.0,0.0,0.0,0.0,0.0,0.0,0.0,1.0,0.0,1.0
-0.14093413263557786,-0.8590099405604715,0.5398432654336426,0.0,0.0,0.0,1.0,1.0,1.0,1.0,0.0,0.0,0.0,0.0,0.0,0.0
0.17475941202482498,-1.54348001272021,-0.566273637751864,1.0,0.0,0.0,0.0,1.0,1.0,0.0,0.0,0.0,0.0,0.0,0.0,0.0
-0.6118310826254371,-1.2012449766403408,-1.1484404289021306,0.0,0.0,0.0,1.0,0.0,0.0,0.0,0.0,0.0,0.0,1.0,1.0,0.0
-1.54078577145868,-1.2012449766403408,1.122010056583909,0.0,1.0,1.0,0.0,0.0,0.0,0.0,1.0,0.0,0.0,0.0,1.0,0.0
-1.2972183835328905,-1.54348001272021,-0.6244903168668905,0.0,0.0,0.0,1.0,1.0,1.0,1.0,0.0,0.0,0.0,0.0,0.0,0.0
1.4390440860954337,-0.8590099405604715,-0.6244903168668905,0.0,0.0,0.0,1.0,0.0,1.0,0.0,0.0,0.0,0.0,0.0,1.0,0.0
0.6641599310198996,-1.54348001272021,1.5877434895041216,0.0,0.0,0.0,1.0,0.0,1.0,0.0,0.0,0.0,0.0,0.0,0.0,1.0
-1.2571902546644662,-1.54348001272021,0.9473600192388287,0.0,1.0,1.0,0.0,1.0,0.0,0.0,0.0,0.0,0.0,1.0,1.0,0.0
0.6498102244444263,1.1944002759187435,-1.7306072200523972,0.0,1.0,1.0,0.0,0.0,0.0,0.0,1.0,0.0,0.0,0.0,0.0,0.0
1.6399399781520534,0.16769516767913598,-1.6141738618223438,0.0,0.0,0.0,1.0,1.0,0.0,1.0,0.0,0.0,0.0,0.0,0.0,0.0
0.6958803350288391,-1.54348001272021,1.2966600939289885,0.0,0.0,0.0,1.0,1.0,1.0,1.0,0.0,0.0,0.0,0.0,0.0,0.0
1.616527299002598,-1.2012449766403408,1.2966600939289885,0.0,0.0,0.0,1.0,1.0,0.0,1.0,0.0,0.0,0.0,0.0,0.0,1.0
-0.09373115047941714,0.5099302037590051,-1.1484404289021306,0.0,1.0,1.0,0.0,1.0,1.0,0.0,0.0,1.0,0.0,0.0,0.0,1.0
-0.10883610476938851,1.5366353119986127,1.7623935268492021,1.0,0.0,0.0,0.0,1.0,0.0,0.0,0.0,0.0,0.0,0.0,0.0,1.0
1.5209884631185286,-0.1745398684007332,1.0637933774688826,0.0,0.0,0.0,1.0,0.0,0.0,0.0,0.0,1.0,0.0,0.0,0.0,1.0
-0.7236077443712257,1.1944002759187435,-1.6141738618223438,1.0,0.0,0.0,0.0,1.0,0.0,1.0,0.0,0.0,0.0,0.0,0.0,0.0
-1.3047708606778763,0.8521652398388743,-0.39162360040678423,1.0,0.0,0.0,0.0,1.0,1.0,0.0,1.0,0.0,0.0,0.0,0.0,0.0
-1.03325930731564,-0.5167749044806024,0.7144933027787219,0.0,0.0,0.0,1.0,0.0,0.0,0.0,0.0,0.0,1.0,0.0,0.0,0.0
0.07242334671026877,0.16769516767913598,-1.0902237497871041,1.0,0.0,0.0,0.0,1.0,1.0,0.0,0.0,1.0,0.0,0.0,0.0,0.0
-0.3036900151100198,1.1944002759187435,-1.1484404289021306,0.0,0.0,0.0,1.0,0.0,0.0,0.0,1.0,0.0,0.0,0.0,0.0,0.0
1.15544856930122,-1.54348001272021,0.015893153398402464,0.0,1.0,1.0,0.0,0.0,0.0,0.0,0.0,0.0,1.0,0.0,0.0,1.0
-1.6204644053382793,-1.2012449766403408,0.4816265863186156,0.0,0.0,0.0,1.0,0.0,1.0,0.0,0.0,0.0,0.0,1.0,0.0,1.0
-1.6763527362111734,1.1944002759187435,-1.5559571827073173,1.0,0.0,0.0,0.0,1.0,0.0,0.0,0.0,0.0,1.0,0.0,1.0,0.0
-0.17378740821626562,0.5099302037590051,0.015893153398402464,1.0,0.0,0.0,0.0,1.0,0.0,0.0,0.0,0.0,1.0,0.0,0.0,0.0
0.9031958326586973,-0.8590099405604715,-0.21697356306170434,0.0,0.0,0.0,1.0,0.0,0.0,0.0,0.0,0.0,0.0,0.0,0.0,0.0
-0.8255661858285327,-0.8590099405604715,0.19054319074348233,0.0,1.0,1.0,0.0,0.0,1.0,0.0,0.0,1.0,0.0,0.0,0.0,1.0
1.3163163324894158,0.8521652398388743,-0.2751902421767308,1.0,0.0,0.0,0.0,0.0,1.0,0.0,0.0,0.0,0.0,1.0,1.0,0.0
0.2699206240516451,-1.2012449766403408,-1.206657108017157,0.0,1.0,1.0,0.0,0.0,0.0,0.0,0.0,1.0,0.0,0.0,0.0,1.0
-1.1843088502153543,-0.8590099405604715,-1.5559571827073173,0.0,1.0,1.0,0.0,0.0,1.0,0.0,1.0,0.0,0.0,0.0,1.0,0.0
0.3367600467847688,-0.5167749044806024,1.3548767730440159,0.0,0.0,0.0,1.0,1.0,1.0,0.0,0.0,0.0,0.0,1.0,0.0,1.0
-1.1650500334956406,0.5099302037590051,0.07410983251342891,0.0,0.0,0.0,1.0,0.0,1.0,0.0,1.0,0.0,0.0,0.0,1.0,0.0
0.03126234627009651,-1.54348001272021,1.5295268103890953,0.0,1.0,1.0,0.0,1.0,1.0,1.0,0.0,0.0,0.0,0.0,0.0,1.0
-1.2930645211031484,1.5366353119986127,-0.44984027952181066,1.0,0.0,0.0,0.0,0.0,0.0,0.0,0.0,0.0,0.0,0.0,0.0,0.0
1.2608056254737707,0.16769516767913598,1.7041768477341757,0.0,0.0,0.0,1.0,0.0,1.0,0.0,0.0,0.0,0.0,1.0,0.0,0.0
-1.2228264836547813,-0.5167749044806024,-0.6244903168668905,0.0,0.0,0.0,1.0,0.0,1.0,0.0,0.0,0.0,1.0,0.0,1.0,0.0
0.362060845220471,0.8521652398388743,-0.39162360040678423,0.0,1.0,1.0,0.0,1.0,1.0,0.0,0.0,0.0,1.0,0.0,0.0,1.0
-0.125451554488357,-1.54348001272021,-1.7306072200523972,0.0,1.0,1.0,0.0,0.0,1.0,1.0,0.0,0.0,0.0,0.0,0.0,0.0
-0.601257614622457,-1.54348001272021,-0.5080569586368376,1.0,0.0,0.0,0.0,0.0,1.0,0.0,0.0,0.0,0.0,0.0,0.0,0.0
1.297057515769702,0.8521652398388743,-1.439523824477264,0.0,0.0,0.0,1.0,1.0,0.0,0.0,0.0,0.0,0.0,0.0,1.0,0.0
-1.645387579916732,0.8521652398388743,0.9473600192388287,1.0,0.0,0.0,0.0,0.0,0.0,0.0,0.0,0.0,0.0,0.0,0.0,1.0
-0.8482236172634898,1.5366353119986127,-0.566273637751864,1.0,0.0,0.0,0.0,0.0,0.0,0.0,1.0,0.0,0.0,0.0,0.0,1.0
-1.7178913605085948,0.8521652398388743,1.4713101312740688,0.0,1.0,1.0,0.0,0.0,0.0,1.0,0.0,0.0,0.0,0.0,1.0,0.0
-0.8942937278479027,1.5366353119986127,1.7041768477341757,1.0,0.0,0.0,0.0,0.0,1.0,0.0,0.0,0.0,0.0,1.0,1.0,0.0
-0.8025311305363262,0.16769516767913598,0.3069765489735357,0.0,0.0,0.0,1.0,0.0,0.0,0.0,0.0,0.0,1.0,0.0,0.0,1.0
1.0448047791271795,-1.2012449766403408,0.3651932280885622,0.0,0.0,0.0,1.0,0.0,0.0,0.0,1.0,0.0,0.0,0.0,0.0,0.0
-0.38110290584612355,0.5099302037590051,-1.1484404289021306,0.0,0.0,0.0,1.0,1.0,1.0,0.0,0.0,0.0,0.0,1.0,0.0,0.0
1.2170012580328537,-1.54348001272021,-0.1587568839466774,0.0,0.0,0.0,1.0,0.0,1.0,0.0,1.0,0.0,0.0,0.0,0.0,1.0
0.6720900320221342,1.5366353119986127,1.4713101312740688,0.0,0.0,0.0,1.0,0.0,0.0,0.0,0.0,0.0,0.0,0.0,0.0,1.0
-1.6419889652014885,0.8521652398388743,-0.10054020483165095,0.0,1.0,1.0,0.0,1.0,0.0,1.0,0.0,0.0,0.0,0.0,0.0,1.0
0.8023702627731379,1.5366353119986127,-0.7991403542119708,0.0,0.0,0.0,1.0,0.0,1.0,0.0,0.0,0.0,0.0,1.0,0.0,1.0
1.0568887425591562,-0.1745398684007332,0.13232651162845588,0.0,1.0,1.0,0.0,1.0,0.0,0.0,0.0,1.0,0.0,0.0,0.0,0.0
0.08450731014224566,0.8521652398388743,0.6562766236636954,1.0,0.0,0.0,0.0,1.0,0.0,0.0,0.0,0.0,0.0,0.0,0.0,0.0
1.3903306085102756,-0.1745398684007332,0.9473600192388287,0.0,1.0,1.0,0.0,0.0,0.0,1.0,0.0,0.0,0.0,0.0,1.0,0.0
-1.030615940314895,-0.1745398684007332,1.4130934521590424,1.0,0.0,0.0,0.0,1.0,1.0,0.0,0.0,0.0,0.0,0.0,0.0,0.0
-0.19720008736572123,0.16769516767913598,1.122010056583909,1.0,0.0,0.0,0.0,0.0,1.0,0.0,0.0,0.0,0.0,0.0,1.0,0.0
1.6422057212955492,0.8521652398388743,-1.6141738618223438,1.0,0.0,0.0,0.0,1.0,1.0,0.0,0.0,1.0,0.0,0.0,1.0,0.0
0.19137486174379373,0.5099302037590051,-1.1484404289021306,0.0,1.0,1.0,0.0,1.0,1.0,1.0,0.0,0.0,0.0,0.0,0.0,1.0
-0.3172844739709941,0.16769516767913598,1.0637933774688826,0.0,1.0,1.0,0.0,0.0,0.0,0.0,1.0,0.0,0.0,0.0,0.0,0.0
1.1301477708655177,0.5099302037590051,-0.9737903915570507,0.0,1.0,1.0,0.0,0.0,1.0,0.0,0.0,1.0,0.0,0.0,0.0,0.0
-0.7791184513868706,1.1944002759187435,-1.3813071453622374,0.0,0.0,0.0,1.0,0.0,1.0,0.0,1.0,0.0,0.0,0.0,0.0,1.0
-0.40904707128257045,1.1944002759187435,0.3069765489735357,0.0,1.0,1.0,0.0,0.0,0.0,0.0,0.0,0.0,0.0,0.0,1.0,0.0
-0.3663755754134014,-0.5167749044806024,-1.0902237497871041,1.0,0.0,0.0,0.0,1.0,1.0,0.0,0.0,0.0,1.0,0.0,0.0,1.0
-1.0551614910360985,-0.1745398684007332,-1.6141738618223438,0.0,0.0,0.0,1.0,0.0,0.0,0.0,0.0,1.0,0.0,0.0,1.0,0.0
-1.6669121397799411,0.5099302037590051,0.6562766236636954,0.0,0.0,0.0,1.0,1.0,1.0,0.0,1.0,0.0,0.0,0.0,0.0,0.0
0.09998988828946652,-1.2012449766403408,-0.566273637751864,0.0,1.0,1.0,0.0,1.0,0.0,0.0,0.0,1.0,0.0,0.0,0.0,1.0
0.8575033459315334,-0.5167749044806024,0.5398432654336426,0.0,1.0,1.0,0.0,0.0,0.0,0.0,0.0,0.0,1.0,0.0,0.0,0.0
1.0927630089978386,1.5366353119986127,1.0637933774688826,0.0,1.0,1.0,0.0,1.0,1.0,0.0,0.0,1.0,0.0,0.0,1.0,0.0
1.027434081693712,-0.1745398684007332,-0.21697356306170434,1.0,0.0,0.0,0.0,1.0,0.0,0.0,0.0,1.0,0.0,0.0,1.0,0.0
0.901307713372451,-1.2012449766403408,-0.44984027952181066,0.0,0.0,0.0,1.0,0.0,0.0,0.0,1.0,0.0,0.0,0.0,0.0,1.0
-0.25157792280961855,1.5366353119986127,-1.6141738618223438,1.0,0.0,0.0,0.0,1.0,0.0,0.0,0.0,0.0,1.0,0.0,1.0,0.0
-1.0015389033067,-0.8590099405604715,0.19054319074348233,1.0,0.0,0.0,0.0,0.0,0.0,0.0,1.0,0.0,0.0,0.0,1.0,0.0
0.017290263551873037,-0.5167749044806024,0.9473600192388287,0.0,1.0,1.0,0.0,1.0,0.0,0.0,0.0,0.0,0.0,0.0,0.0,1.0
1.4141209115169808,0.8521652398388743,-0.10054020483165095,0.0,0.0,0.0,1.0,1.0,0.0,0.0,0.0,0.0,1.0,0.0,0.0,0.0
-0.16359156407053477,0.8521652398388743,0.3651932280885622,0.0,0.0,0.0,1.0,0.0,1.0,1.0,0.0,0.0,0.0,0.0,0.0,1.0
1.6588211710145175,-0.8590099405604715,-0.6827069959819174,0.0,0.0,0.0,1.0,0.0,0.0,0.0,1.0,0.0,0.0,0.0,0.0,0.0
-0.7621253778106527,0.16769516767913598,-1.6723905409373707,0.0,1.0,1.0,0.0,1.0,0.0,0.0,0.0,0.0,0.0,0.0,0.0,0.0
-0.4841942188751784,-1.54348001272021,1.3548767730440159,0.0,1.0,1.0,0.0,0.0,1.0,0.0,0.0,0.0,0.0,1.0,1.0,0.0
1.47265260939062,-0.5167749044806024,-0.10054020483165095,0.0,0.0,0.0,1.0,1.0,0.0,1.0,0.0,0.0,0.0,0.0,0.0,0.0
0.5021592962599557,-0.8590099405604715,1.0055766983538552,1.0,0.0,0.0,0.0,1.0,1.0,0.0,0.0,0.0,1.0,0.0,0.0,1.0
-1.1106721980517433,-0.8590099405604715,-0.39162360040678423,1.0,0.0,0.0,0.0,0.0,0.0,0.0,0.0,0.0,0.0,0.0,0.0,1.0
-0.7507966620931742,1.1944002759187435,-1.0902237497871041,0.0,1.0,1.0,0.0,0.0,0.0,0.0,0.0,0.0,1.0,0.0,1.0,0.0
-1.484142192871287,0.16769516767913598,0.015893153398402464,1.0,0.0,0.0,0.0,1.0,0.0,0.0,0.0,0.0,1.0,0.0,0.0,0.0
-1.621597276910027,-1.2012449766403408,-1.0320070706720772,0.0,1.0,1.0,0.0,0.0,0.0,0.0,0.0,0.0,1.0,0.0,1.0,0.0
1.0372523019821935,0.5099302037590051,-0.21697356306170434,0.0,1.0,1.0,0.0,1.0,0.0,0.0,0.0,0.0,0.0,1.0,1.0,0.0
-0.7723212219563835,0.16769516767913598,-0.2751902421767308,0.0,1.0,1.0,0.0,0.0,0.0,0.0,0.0,0.0,0.0,1.0,0.0,1.0
-1.581946771898852,-0.5167749044806024,1.1802267356989355,1.0,0.0,0.0,0.0,1.0,0.0,0.0,0.0,0.0,0.0,0.0,0.0,1.0
1.2324838361800743,-1.54348001272021,-1.0320070706720772,1.0,0.0,0.0,0.0,0.0,1.0,0.0,0.0,0.0,0.0,1.0,1.0,0.0
-0.6061667247666979,1.1944002759187435,-0.10054020483165095,0.0,0.0,0.0,1.0,0.0,0.0,0.0,0.0,1.0,0.0,0.0,1.0,0.0
1.2302180930365785,1.1944002759187435,0.3651932280885622,1.0,0.0,0.0,0.0,1.0,0.0,0.0,0.0,0.0,0.0,0.0,1.0,0.0
-1.1465464644904255,-1.2012449766403408,0.13232651162845588,1.0,0.0,0.0,0.0,1.0,1.0,0.0,0.0,0.0,0.0,1.0,0.0,1.0
1.6709051344464951,0.16769516767913598,0.07410983251342891,1.0,0.0,0.0,0.0,1.0,1.0,0.0,0.0,0.0,1.0,0.0,0.0,1.0
1.0451824029844283,-1.2012449766403408,1.4713101312740688,0.0,1.0,1.0,0.0,0.0,0.0,1.0,0.0,0.0,0.0,0.0,1.0,0.0
0.708719546175315,1.5366353119986127,-1.0902237497871041,0.0,0.0,0.0,1.0,1.0,0.0,0.0,1.0,0.0,0.0,0.0,0.0,1.0
0.317501230065055,0.5099302037590051,0.3651932280885622,0.0,1.0,1.0,0.0,1.0,1.0,0.0,0.0,1.0,0.0,0.0,0.0,1.0
0.28238221134087144,0.16769516767913598,1.6459601686191492,1.0,0.0,0.0,0.0,1.0,0.0,0.0,0.0,0.0,1.0,0.0,0.0,1.0
1.1346792571525093,-0.8590099405604715,-1.0902237497871041,0.0,1.0,1.0,0.0,0.0,1.0,0.0,0.0,0.0,1.0,0.0,0.0,1.0
0.8767621626512472,0.5099302037590051,0.3069765489735357,0.0,1.0,1.0,0.0,1.0,0.0,0.0,0.0,1.0,0.0,0.0,0.0,1.0
1.276665827478241,-0.1745398684007332,0.24875986985850929,0.0,0.0,0.0,1.0,1.0,0.0,0.0,0.0,0.0,0.0,1.0,0.0,0.0
1.3752256542203045,-0.8590099405604715,-1.6141738618223438,0.0,0.0,0.0,1.0,0.0,0.0,0.0,0.0,1.0,0.0,0.0,0.0,0.0
0.06109463099279005,0.16769516767913598,-0.6244903168668905,0.0,1.0,1.0,0.0,1.0,0.0,0.0,1.0,0.0,0.0,0.0,0.0,1.0
0.4096414512338806,-0.5167749044806024,-0.04232352571662398,0.0,0.0,0.0,1.0,1.0,1.0,0.0,1.0,0.0,0.0,0.0,0.0,1.0
1.6671288958740018,1.1944002759187435,-0.21697356306170434,0.0,1.0,1.0,0.0,0.0,1.0,1.0,0.0,0.0,0.0,0.0,0.0,0.0
-0.3773266672736306,1.5366353119986127,-0.7409236750969439,0.0,0.0,0.0,1.0,1.0,0.0,0.0,0.0,0.0,1.0,0.0,0.0,1.0
-0.18436087621924566,-0.1745398684007332,-0.9737903915570507,0.0,0.0,0.0,1.0,1.0,1.0,0.0,0.0,1.0,0.0,0.0,1.0,0.0
-1.7216675990810877,0.5099302037590051,-1.6141738618223438,0.0,0.0,0.0,1.0,0.0,1.0,0.0,0.0,1.0,0.0,0.0,0.0,0.0
1.4428203246679263,0.5099302037590051,0.19054319074348233,0.0,0.0,0.0,1.0,1.0,0.0,0.0,0.0,0.0,0.0,0.0,1.0,0.0
1.0791685501368644,-1.2012449766403408,-0.9737903915570507,0.0,1.0,1.0,0.0,0.0,1.0,0.0,0.0,0.0,0.0,0.0,1.0,0.0
-0.07145134290170915,-1.54348001272021,-1.3230904662472105,1.0,0.0,0.0,0.0,0.0,1.0,1.0,0.0,0.0,0.0,0.0,0.0,1.0
-0.7500414143786756,-0.1745398684007332,0.5398432654336426,0.0,1.0,1.0,0.0,0.0,1.0,0.0,0.0,0.0,1.0,0.0,0.0,1.0
-1.1042525924785056,0.8521652398388743,1.122010056583909,1.0,0.0,0.0,0.0,1.0,0.0,0.0,1.0,0.0,0.0,0.0,0.0,1.0
-0.5952156329064686,-0.8590099405604715,1.3548767730440159,1.0,0.0,0.0,0.0,0.0,1.0,0.0,0.0,1.0,0.0,0.0,0.0,1.0
-1.275316199812432,-0.8590099405604715,-1.3230904662472105,1.0,0.0,0.0,0.0,0.0,0.0,0.0,0.0,0.0,1.0,0.0,0.0,1.0
0.271053495623393,-0.5167749044806024,1.0055766983538552,1.0,0.0,0.0,0.0,0.0,0.0,0.0,1.0,0.0,0.0,0.0,0.0,1.0
-1.3077918515358706,-0.5167749044806024,0.3651932280885622,0.0,1.0,1.0,0.0,0.0,0.0,0.0,1.0,0.0,0.0,0.0,0.0,0.0
0.38660639594167423,0.16769516767913598,-0.7409236750969439,1.0,0.0,0.0,0.0,0.0,1.0,0.0,0.0,0.0,1.0,0.0,0.0,0.0
-0.4947676868781585,0.5099302037590051,-0.10054020483165095,0.0,0.0,0.0,1.0,1.0,0.0,1.0,0.0,0.0,0.0,0.0,0.0,0.0
-0.1956895919367241,1.1944002759187435,-0.9155737124420238,0.0,1.0,1.0,0.0,0.0,1.0,0.0,1.0,0.0,0.0,0.0,0.0,0.0
-0.3644874561271548,0.16769516767913598,0.07410983251342891,1.0,0.0,0.0,0.0,1.0,1.0,0.0,0.0,0.0,0.0,0.0,0.0,0.0
-1.505666752734496,1.5366353119986127,0.4816265863186156,0.0,1.0,1.0,0.0,1.0,0.0,0.0,0.0,0.0,1.0,0.0,0.0,0.0
1.6233245284330848,1.1944002759187435,0.8309266610087758,0.0,0.0,0.0,1.0,0.0,0.0,0.0,1.0,0.0,0.0,0.0,0.0,0.0
1.3710717917905624,-1.54348001272021,1.6459601686191492,0.0,1.0,1.0,0.0,0.0,1.0,1.0,0.0,0.0,0.0,0.0,0.0,0.0
-1.3134562093946098,-1.2012449766403408,1.6459601686191492,0.0,0.0,0.0,1.0,0.0,1.0,0.0,0.0,0.0,0.0,0.0,0.0,0.0
-1.5169954684519749,-1.54348001272021,0.24875986985850929,0.0,0.0,0.0,1.0,1.0,0.0,1.0,0.0,0.0,0.0,0.0,1.0,0.0
1.5538417386992163,-0.8590099405604715,-0.1587568839466774,0.0,1.0,1.0,0.0,0.0,1.0,0.0,0.0,0.0,0.0,0.0,0.0,0.0
-0.8436921309764985,-1.2012449766403408,-0.33340692129175725,1.0,0.0,0.0,0.0,1.0,1.0,0.0,1.0,0.0,0.0,0.0,1.0,0.0
-0.6571459454953512,-1.2012449766403408,-0.6827069959819174,1.0,0.0,0.0,0.0,1.0,0.0,0.0,0.0,0.0,0.0,0.0,1.0,0.0
-0.8448250025482464,1.1944002759187435,0.13232651162845588,0.0,0.0,0.0,1.0,1.0,0.0,0.0,0.0,0.0,1.0,0.0,0.0,1.0
0.956818420388096,-0.8590099405604715,1.3548767730440159,0.0,0.0,0.0,1.0,0.0,1.0,0.0,0.0,0.0,1.0,0.0,1.0,0.0
-1.505666752734496,-0.8590099405604715,1.4713101312740688,0.0,0.0,0.0,1.0,1.0,0.0,0.0,0.0,1.0,0.0,0.0,0.0,0.0
-0.7998877635355812,-0.1745398684007332,1.1802267356989355,1.0,0.0,0.0,0.0,0.0,0.0,0.0,0.0,0.0,0.0,0.0,1.0,0.0
1.093518256712337,1.5366353119986127,1.1802267356989355,1.0,0.0,0.0,0.0,0.0,0.0,0.0,1.0,0.0,0.0,0.0,1.0,0.0
-0.7085027900812543,0.5099302037590051,-0.1587568839466774,1.0,0.0,0.0,0.0,0.0,1.0,0.0,0.0,0.0,1.0,0.0,0.0,1.0
1.186036101738412,0.5099302037590051,-0.8573570333269973,1.0,0.0,0.0,0.0,1.0,1.0,0.0,0.0,0.0,0.0,0.0,0.0,0.0
0.9216994016639121,-0.8590099405604715,-0.9155737124420238,0.0,0.0,0.0,1.0,1.0,1.0,0.0,0.0,0.0,1.0,0.0,0.0,0.0
1.1501618352997298,-1.2012449766403408,0.7144933027787219,0.0,1.0,1.0,0.0,1.0,1.0,1.0,0.0,0.0,0.0,0.0,0.0,0.0
-0.21721415179993342,-1.2012449766403408,0.015893153398402464,1.0,0.0,0.0,0.0,0.0,1.0,1.0,0.0,0.0,0.0,0.0,1.0,0.0
0.7170272710347992,-0.5167749044806024,0.8891433401238023,0.0,0.0,0.0,1.0,1.0,0.0,0.0,1.0,0.0,0.0,0.0,0.0,0.0
-1.0978329869052676,0.16769516767913598,-1.206657108017157,1.0,0.0,0.0,0.0,0.0,1.0,0.0,1.0,0.0,0.0,0.0,0.0,1.0
-1.1412597304889356,-1.54348001272021,-1.0902237497871041,1.0,0.0,0.0,0.0,1.0,0.0,0.0,0.0,0.0,0.0,0.0,1.0,0.0
0.4568444333900413,-1.54348001272021,-0.2751902421767308,1.0,0.0,0.0,0.0,1.0,0.0,0.0,1.0,0.0,0.0,0.0,1.0,0.0
0.14794811816012593,-0.5167749044806024,1.6459601686191492,0.0,1.0,1.0,0.0,0.0,1.0,0.0,1.0,0.0,0.0,0.0,0.0,0.0
0.0935702827162286,-0.5167749044806024,0.8309266610087758,0.0,0.0,0.0,1.0,1.0,1.0,0.0,0.0,1.0,0.0,0.0,0.0,0.0
1.5787649132776693,1.1944002759187435,0.24875986985850929,0.0,0.0,0.0,1.0,0.0,0.0,0.0,0.0,0.0,0.0,1.0,0.0,1.0
1.672415629875492,0.5099302037590051,-0.5080569586368376,0.0,1.0,1.0,0.0,1.0,1.0,0.0,0.0,1.0,0.0,0.0,0.0,0.0
1.5368486651229987,0.5099302037590051,-0.566273637751864,0.0,1.0,1.0,0.0,1.0,1.0,0.0,0.0,0.0,0.0,0.0,0.0,0.0
0.3035291473468315,-0.1745398684007332,0.8891433401238023,1.0,0.0,0.0,0.0,1.0,0.0,1.0,0.0,0.0,0.0,0.0,0.0,1.0
-1.544939633888422,-1.2012449766403408,-1.5559571827073173,1.0,0.0,0.0,0.0,1.0,0.0,0.0,0.0,1.0,0.0,0.0,0.0,1.0
0.23895546775720364,0.8521652398388743,-0.44984027952181066,1.0,0.0,0.0,0.0,0.0,1.0,0.0,0.0,1.0,0.0,0.0,1.0,0.0
1.0070423934022508,1.5366353119986127,-1.5559571827073173,0.0,1.0,1.0,0.0,0.0,1.0,0.0,0.0,0.0,0.0,0.0,0.0,1.0
0.7438385648994987,0.8521652398388743,0.8309266610087758,1.0,0.0,0.0,0.0,0.0,1.0,0.0,0.0,1.0,0.0,0.0,1.0,0.0
0.03352808941359231,-0.1745398684007332,-1.439523824477264,0.0,0.0,0.0,1.0,1.0,0.0,0.0,1.0,0.0,0.0,0.0,1.0,0.0
0.7902862993411606,1.5366353119986127,-0.566273637751864,1.0,0.0,0.0,0.0,1.0,0.0,0.0,0.0,0.0,0.0,1.0,0.0,1.0
0.08903879642923726,-1.2012449766403408,1.0637933774688826,0.0,0.0,0.0,1.0,1.0,1.0,0.0,0.0,0.0,0.0,0.0,0.0,1.0
-1.4418483208593669,1.5366353119986127,-0.21697356306170434,1.0,0.0,0.0,0.0,1.0,1.0,1.0,0.0,0.0,0.0,0.0,0.0,1.0
0.19930496274602874,-1.54348001272021,-0.6244903168668905,0.0,1.0,1.0,0.0,0.0,0.0,0.0,0.0,0.0,0.0,0.0,0.0,1.0
-0.5786001831874998,-1.54348001272021,-0.44984027952181066,0.0,1.0,1.0,0.0,1.0,1.0,0.0,0.0,1.0,0.0,0.0,0.0,1.0
1.5749886747051762,1.5366353119986127,-1.4977405035922904,1.0,0.0,0.0,0.0,1.0,0.0,0.0,0.0,0.0,1.0,0.0,0.0,1.0
-0.899958085706642,-1.54348001272021,0.4234099072035891,0.0,0.0,0.0,1.0,0.0,1.0,0.0,1.0,0.0,0.0,0.0,0.0,0.0
0.3832077812264305,-1.54348001272021,-1.6723905409373707,0.0,0.0,0.0,1.0,1.0,1.0,0.0,0.0,0.0,1.0,0.0,0.0,0.0
1.2336167077518223,0.5099302037590051,-0.21697356306170434,0.0,0.0,0.0,1.0,0.0,0.0,1.0,0.0,0.0,0.0,0.0,0.0,0.0
